ABBREVIATION,TERM,DEFINITION ,ARTICLE ID 
SVL,Snout - vent length,from tip of snout to anterior margin of vent,"Amarasinghe 2021, Hemidactylus kimbulae"
XXX,tail length,from the posterior margin of vent to the tip of tail,"Amarasinghe 2021, Hemidactylus kimbulae"
XXX,brachium length,on the dorsal surface from the axilla to the inflection of the flexed elbow,"Amarasinghe 2021, Hemidactylus kimbulae"
XXX,forearm length,on the dorsal surface from the posterior margin of the elbow while flexed to the inflection of the flexed wrist,"Amarasinghe 2021, Hemidactylus kimbulae"
XXX,thigh length,from the anterior margin of the hind limb at its insertion point on the body to the knee while flexed ,"Amarasinghe 2021, Hemidactylus kimbulae"
XXX,tibia (crus) length,"from the posterior surface of the knee while flexed to the base of the heel), ","Amarasinghe 2021, Hemidactylus kimbulae"
XXX,axilla–groin (trunk) length,from the posterior margin of the forelimb at its insertion point on the body to the anterior margin of the hind limb at its insertion point on the body,"Amarasinghe 2021, Hemidactylus kimbulae"
XXX,body width,maximum width of the body,"Amarasinghe 2021, Hemidactylus kimbulae"
XXX,tail width,maximum width of the tail ,"Amarasinghe 2021, Hemidactylus kimbulae"
XXX,head length,from posterior edge of mandible to tip of snout,"Amarasinghe 2021, Hemidactylus kimbulae"
XXX,head width,maximum width of head at the angle of the jaws ,"Amarasinghe 2021, Hemidactylus kimbulae"
XXX,head depth,"height; maximum height of the head, from the occiput to the underside of the jaws ","Amarasinghe 2021, Hemidactylus kimbulae"
XXX,eye (orbit) diameter,the greatest horizontal diameter of the orbit,"Amarasinghe 2021, Hemidactylus kimbulae"
XXX,eye–ear length,from posterior border of orbit to anterior border of tympanum,"Amarasinghe 2021, Hemidactylus kimbulae"
XXX,snout length,from anterior border of orbit to tip of snout,"Amarasinghe 2021, Hemidactylus kimbulae"
XXX,eye–nostril length,from anterior border of orbit to middle of nostril,"Amarasinghe 2021, Hemidactylus kimbulae"
XXX,interorbital distance,shortest distance between the left and right supraciliary scale rows ,"Amarasinghe 2021, Hemidactylus kimbulae"
XXX,ear length,greatest horizontal diameter of tympanum,"Amarasinghe 2021, Hemidactylus kimbulae"
XXX,internarial distance,shortest distance between dorsal margins of nostrils,"Amarasinghe 2021, Hemidactylus kimbulae"
XXX,eye–mandible length,from posterior border of orbit to posterior tip of mandible,"Amarasinghe 2021, Hemidactylus kimbulae"
XXX,palm length,from wrist [carpus] to distal tip of longest finger,"Amarasinghe 2021, Hemidactylus kimbulae"
XXX,foot length,from heel to tip of longest toe,"Amarasinghe 2021, Hemidactylus kimbulae"
XXX,finger and toe lengths,from tip of claw to the nearest fork,"Amarasinghe 2021, Hemidactylus kimbulae"
XXX,supralabial and infralabial scales,"below the middle of the orbit to the rostral and mental scales, respectively","Amarasinghe 2021, Hemidactylus kimbulae"
XXX,subdigital lamellae,on Toe I and IV from the base of the first phalanx to the claw,"Amarasinghe 2021, Hemidactylus kimbulae"
XXX,longitudinal ventral scale ,,"Amarasinghe 2021, Hemidactylus kimbulae"
XXX,postmental scales,,"Amarasinghe 2021, Hemidactylus kimbulae"
XXX,mentals (pimary),,"Amarasinghe 2021, Hemidactylus kimbulae"
XXX,secondary postmentals,,"Amarasinghe 2021, Hemidactylus kimbulae"
XXX,tertiary postmentals,,"Amarasinghe 2021, Hemidactylus kimbulae"
XXX,quaternary postmentals,,"Amarasinghe 2021, Hemidactylus kimbulae"
XXX,subcaudal scales,,"Amarasinghe 2021, Hemidactylus kimbulae"
XXX,postcloacal tubercles (spur) ,,"Amarasinghe 2021, Hemidactylus kimbulae"
ED,eye diameter,horizontal diameter of eye,Amarasinghe 2021 Oligodon tolaki
XXX,eye–nostril length,distance between anteriormost point of eye and middle of nostril,Amarasinghe 2021 Oligodon tolaki
ES,snout length,distance between anteriormost point of eye and snout,Amarasinghe 2021 Oligodon tolaki
IN,internarial distance,least distance between nostrils ,Amarasinghe 2021 Oligodon tolaki
EM,posterior eye–mandible distance,distance between posteriormost edge of eye and posterior edge of mandible,Amarasinghe 2021 Oligodon tolaki
IO,interorbital width,least distance between upper margins of orbits ,Amarasinghe 2021 Oligodon tolaki
HL,head length,distance between posterior edge of mandible and tip of snout ,Amarasinghe 2021 Oligodon tolaki
HW,head width,maximum width of head ,Amarasinghe 2021 Oligodon tolaki
SVL,snout–vent length,measured from tip of snout to anterior margin of vent ,Amarasinghe 2021 Oligodon tolaki
TL,tail length,measured from anterior margin of vent to tail tip ,Amarasinghe 2021 Oligodon tolaki
SUPs ,supralabials,,Amarasinghe 2021 Oligodon tolaki
XXX,infralabials,first labial scale to last labial scale bordering gape ,Amarasinghe 2021 Oligodon tolaki
DSRs,dorsal scale rows,"counted around the body from one side of ventrals to the other in three positions: at one head length behind neck, at midbody, and at one head length before cloacal plate",Amarasinghe 2021 Oligodon tolaki
XXX,nuchal scale pairs,,Barr 2021 Oligosoma
XXX,supraoculars,,Barr 2021 Oligosoma
XXX,supraciliaries,,Barr 2021 Oligosoma
XXX,upper and lower ciliaries,,Barr 2021 Oligosoma
XXX,infra and supra labials,,Barr 2021 Oligosoma
XXX,posterior suboculars,,Barr 2021 Oligosoma
XXX,anterior suboculars ,,Barr 2021 Oligosoma
SVL,snout-vent length,,Barr 2021 Oligosoma
SE  ,snout to ear (anterior margin),,Barr 2021 Oligosoma
SF,snout to axilla,the junction of the posterior margin of the forelimb with the body wall,Barr 2021 Oligosoma
HL,head length,from tip of snout to posterior extremity of the interparietal,Barr 2021 Oligosoma
HW,head width,between the lateral edges of the left and right parietals,Barr 2021 Oligosoma
AG,axilla to groin,junction of the anterior margin of the hindlimb with the body wall ,Barr 2021 Oligosoma
EF,ear (posterior margin) to axilla,,Barr 2021 Oligosoma
TL,intact tail length,,Barr 2021 Oligosoma
HLL,hindlimb length,from the groin to the tip of the fourth toe including nail,Barr 2021 Oligosoma
FLL,forelimb length,from the axilla to the tip of the fourth finger including nail,Barr 2021 Oligosoma
FTL,length of fourth toe,,Barr 2021 Oligosoma
SVL ,snout-vent length,,Chandramouli 2020 Trimeresurus
TaL ,tail length,,Chandramouli 2020 Trimeresurus
TL;SVL+TaL,total length,,Chandramouli 2020 Trimeresurus
HL,head length,measured from the snout tip to the jaw angle ,Chandramouli 2020 Trimeresurus
HW,head width,at the level of the eyes,Chandramouli 2020 Trimeresurus
HD  ,maximum head depth,,Chandramouli 2020 Trimeresurus
ED                            ,horizontal diameter of the eye,,Chandramouli 2020 Trimeresurus
EN                             ,eye-nostril distance,,Chandramouli 2020 Trimeresurus
ES,snout length,from anterior margin of the eye to snout tip ,Chandramouli 2020 Trimeresurus
IO,inter-orbital distance,measured dorsally as the distance between the eyes ,Chandramouli 2020 Trimeresurus
IN,inter-narial distance,measured as the distance between the nares ,Chandramouli 2020 Trimeresurus
DSR,dorsal scale-rows near neck,midbody and near tail,Chandramouli 2020 Trimeresurus
CEP,number of cephalic scales,counted in a horizontal series between the elongated supraoculars and ventrals,Chandramouli 2020 Trimeresurus
XXX,hemipenis,,Chandramouli 2020 Trimeresurus
SVL,snout-vent length,from tip of snout to vent,Do 2021 Cyrtodactylus orlovi
TaL,tail length,from vent to tip of tail (marking * for regenerated tail),Do 2021 Cyrtodactylus orlovi
HL,head length,from tip of snout to retroarticular process of jaw,Do 2021 Cyrtodactylus orlovi
Hw,head width,maximum width of head,Do 2021 Cyrtodactylus orlovi
HH,head height,from occiput to underside of jaws,Do 2021 Cyrtodactylus orlovi
OD,orbital diameter,great-est diameter of orbit,Do 2021 Cyrtodactylus orlovi
SE,snout to eye distance,from tip of snout to anterior-most point of eye,Do 2021 Cyrtodactylus orlovi
Eye Ear,eye to ear distance,from anterior edge of ear opening to posterior corner of eye,Do 2021 Cyrtodactylus orlovi
NarEye,nares to eye distance,from anterior-most point of eye to posterior-most point of nostril,Do 2021 Cyrtodactylus orlovi
ED,ear length,longest dimension of ear,Do 2021 Cyrtodactylus orlovi
ForeaL,forearm length,from base of palm to tip of elbow,Do 2021 Cyrtodactylus orlovi
CrusL,crus length,from base of heel to knee,Do 2021 Cyrtodactylus orlovi
TrunkL,trunk length,from axilla to groin measured from posterior edge of forelimb insertion to anterior edge of hindlimb insertion,Do 2021 Cyrtodactylus orlovi
Bw,body width,the widest distance of body ,Do 2021 Cyrtodactylus orlovi
Internar,internarial distance,distance between nares ,Do 2021 Cyrtodactylus orlovi
Interorb,interorbital distance,shortest distance between left and right supraciliary scale rows.,Do 2021 Cyrtodactylus orlovi
SupL,Supralabials,counted from the first labial scale to corner of mouth,Do 2021 Cyrtodactylus orlovi
Infra,infralabials,counted from the first labial scale to posterior corner of mouth,Do 2021 Cyrtodactylus orlovi
IN,postrostrals or internasals,,Do 2021 Cyrtodactylus orlovi
PM                      ,postmentals,,Do 2021 Cyrtodactylus orlovi
GST,granular scales,surrounding dorsal tubercles                                ,Do 2021 Cyrtodactylus orlovi
V,ventral scales,in longitudianal rows at midbody                             ,Do 2021 Cyrtodactylus orlovi
SLB,scales along the midbody,from mental shield to anterior edge of cloaca,Do 2021 Cyrtodactylus orlovi
FB ,femoral pores,,Do 2021 Cyrtodactylus orlovi
PP                            ,precloacal pores in males,,Do 2021 Cyrtodactylus orlovi
PAT  ,postcloacal tubercles,,Do 2021 Cyrtodactylus orlovi
DTR,dorsal tubercle rows,,Do 2021 Cyrtodactylus orlovi
EFS  ,enlarged femoral scales,,Do 2021 Cyrtodactylus orlovi
XXX,subdigital lamellae ,,Do 2021 Cyrtodactylus orlovi
XXX,Bilateral scale ,,Do 2021 Cyrtodactylus orlovi
SVL,snout-vent length,from the tip of snout to the vent,Do 2021 Hemiphyllodactylus dalatensis
TaL,tail length,"from the vent to the tip of the tail, original or regenerated",Do 2021 Hemiphyllodactylus dalatensis
TrunkL,trunk length,from the posterior margin of the forelimb at its insertion point on the body to the anterior margin of the hind limb at its insertion point on the body,Do 2021 Hemiphyllodactylus dalatensis
HeadL,head length,from the posterior margin of the retroarticular process of the lower jaw to the tip of the snout,Do 2021 Hemiphyllodactylus dalatensis
HeadW,head width,mmeasured at the angle of the jaws,Do 2021 Hemiphyllodactylus dalatensis
EyeD,Eye diameter,the greatest horizontal diameter of the eyeball,Do 2021 Hemiphyllodactylus dalatensis
SnEye,snout-eye distance,from anteriormost margin of the eyeball to the tip of snout,Do 2021 Hemiphyllodactylus dalatensis
NarEye,nares-eye distance,from the anterior margin of the eyeball to the posterior margin of the external nares,Do 2021 Hemiphyllodactylus dalatensis
SnW,internarial width,"measured between the nares across the rostral and mental scales, respectively",Do 2021 Hemiphyllodactylus dalatensis
EarD,ear diameter,maximum diameter of ear,Do 2021 Hemiphyllodactylus dalatensis
XXX,ventral scales,the number of longitudinal ventral scales at midbody contained within one eye diameter,Do 2021 Hemiphyllodactylus dalatensis
XXX,dorsal scales,the number of longitudinal dorsal scales at midbody contained within one eye diameter,Do 2021 Hemiphyllodactylus dalatensis
CircNa,circumnasal scales,"the number of scales abutting external naris, exclusive of the rostral and first supralabial",Do 2021 Hemiphyllodactylus dalatensis
SnS,,the number of scales between the supranasals                                                ,Do 2021 Hemiphyllodactylus dalatensis
Suplab,supralabial scales,number of enlarged scales bordering the mouth on the upper jaw from the rostral to a point in line with the posterior margin of the orbit,Do 2021 Hemiphyllodactylus dalatensis
Inflab,infralabial scales,the number of enlarged scales bordering the mouth on the lower jaw from the mental to a point in line with the posterior margin of the orbit,Do 2021 Hemiphyllodactylus dalatensis
Chin,chin scales,the number of scales contacting infralabials and mental on the ventral surface from the juncture of the second and third infralabials on the left side of the head to the juncture of the second and third infralabials on the right side of the head,Do 2021 Hemiphyllodactylus dalatensis
XXX,subdigital lamellae,,Do 2021 Hemiphyllodactylus dalatensis
XXX,cloacal spurs,,Do 2021 Hemiphyllodactylus dalatensis
SVL,snout–vent length,,Edwards 2011 Diporiphora
AG,axillo–groin length,,Edwards 2011 Diporiphora
HL,head length,,Edwards 2011 Diporiphora
SL,snout length,,Edwards 2011 Diporiphora
HD,head depth,,Edwards 2011 Diporiphora
HW,head width,,Edwards 2011 Diporiphora
NW,nostril width,,Edwards 2011 Diporiphora
IOW,interorbital width,,Edwards 2011 Diporiphora
ArL,arm length,,Edwards 2011 Diporiphora
McL,metacarpal length,,Edwards 2011 Diporiphora
LgL,leg length,,Edwards 2011 Diporiphora
MtL,metatarsal length,,Edwards 2011 Diporiphora
TaL,tail length,,Edwards 2011 Diporiphora
RFP & LFP,right and left femoral pore number,,Edwards 2011 Diporiphora
RPP & LPP,right and left preanal pore number,,Edwards 2011 Diporiphora
McL,number of lamellae on Finger IV,,Edwards 2011 Diporiphora
MtL,number of lamellae on Toe IV,,Edwards 2011 Diporiphora
ILS,number of infralabial scales,,Edwards 2011 Diporiphora
SLS,number of supralabial scales ,,Edwards 2011 Diporiphora
TyW,tympanum width,,Edwards 2011 Diporiphora
PAS,postauricular spine number,,Edwards 2011 Diporiphora
UAS,upper auricular spine number,,Edwards 2011 Diporiphora
SAUS,secondary upper auricular spine number,,Edwards 2011 Diporiphora
NS,nuchal spine number,,Edwards 2011 Diporiphora
SS,scapular spine number,,Edwards 2011 Diporiphora
SGF,strength of gular fold,,Edwards 2011 Diporiphora
SSF,strength of scapular fold,,Edwards 2011 Diporiphora
PVS, paravertebral scale keeling,,Edwards 2011 Diporiphora
RPVS,regularity of paravertebral scale keeling,,Edwards 2011 Diporiphora
RBwPV,regularity of scales between PV rows,,Edwards 2011 Diporiphora
NSP,nuchal spine position,,Edwards 2011 Diporiphora
DLS,dorsolateral spine,,Edwards 2011 Diporiphora
TC,throat color,,Edwards 2011 Diporiphora
DLC,dorso-lateral body color,,Edwards 2011 Diporiphora
LC,lip-scale color,,Edwards 2011 Diporiphora
SV,snout-vent length,from tip of snout to vent,Fernández 2021 Liolaemus robertmertensi
HL,head length,from tip of snout to posterior edge of auditory meatus,Fernández 2021 Liolaemus robertmertensi
HW,head width,from the temporal regions,Fernández 2021 Liolaemus robertmertensi
HH,head heigh,,Fernández 2021 Liolaemus robertmertensi
TrL,trunk length,between fore and hind limbs ,Fernández 2021 Liolaemus robertmertensi
FL,foot length,from the tip of four toe to ankle,Fernández 2021 Liolaemus robertmertensi
TW,base of tail width,at the base of tail in the cloacal region,Fernández 2021 Liolaemus robertmertensi
SAB,scales around body,,Fernández 2021 Liolaemus robertmertensi
DS,dorsal scales,between occiput and thighs region,Fernández 2021 Liolaemus robertmertensi
XXX,scales from occiput to rostral,,Fernández 2021 Liolaemus robertmertensi
XXX,frontal-supercilliaries ,,Fernández 2021 Liolaemus robertmertensi
XXX,lef postrostral organs ,,Fernández 2021 Liolaemus robertmertensi
XXX,temporal scales,,Fernández 2021 Liolaemus robertmertensi
XXX,neck scales,,Fernández 2021 Liolaemus robertmertensi
XXX,gular scales,,Fernández 2021 Liolaemus robertmertensi
XXX,lorilabial scales contacting subocular,,Fernández 2021 Liolaemus robertmertensi
XXX,supralabials,,Fernández 2021 Liolaemus robertmertensi
XXX,infralabials,,Fernández 2021 Liolaemus robertmertensi
XXX,ventral scales,,Fernández 2021 Liolaemus robertmertensi
DSR,Dorsal Scale Rows,,Ganesh 2021 Boiga whitakeri
Ven,Ventral scales,,Ganesh 2021 Boiga whitakeri
Scd ,Subcaudal scales,,Ganesh 2021 Boiga whitakeri
SLab  ,Supralabial scales,,Ganesh 2021 Boiga whitakeri
ILab ,Infralabial scales,,Ganesh 2021 Boiga whitakeri
PreOc ,Preocular,,Ganesh 2021 Boiga whitakeri
PosOc,Postocular,,Ganesh 2021 Boiga whitakeri
Temp ,Temporal scales,,Ganesh 2021 Boiga whitakeri
SVL ,Snout to Vent Length,,Ganesh 2021 Boiga whitakeri
tL ,Tail Length,,Ganesh 2021 Boiga whitakeri
D Col,Dorsal Colouration,,Ganesh 2021 Boiga whitakeri
V Col ,Ventral Colouration,,Ganesh 2021 Boiga whitakeri
SVL,snout–vent length,from the tip of the snout to the anterior lip of the cloaca,Harvey 2021 Gonocephalus Sumatra
XXX,body length,from the posterior insertion of the arm to the anterior insertion of the leg ,Harvey 2021 Gonocephalus Sumatra
XXX,pectoral width,axilla to axilla,Harvey 2021 Gonocephalus Sumatra
XXX,length of the tail,"only on complete, undamaged tails from the anterior lip of the cloaca",Harvey 2021 Gonocephalus Sumatra
XXX,head length,from the anterior border of the tympanum to the center of the rostral scale,Harvey 2021 Gonocephalus Sumatra
XXX,head width,at corner of mouth,Harvey 2021 Gonocephalus Sumatra
XXX,maximum diameter of the orbit,bony edge to bony edge; we took this measurement along a line parallel to the ocular aperture,Harvey 2021 Gonocephalus Sumatra
XXX,width of the snout,between the upper margins of the nostrils,Harvey 2021 Gonocephalus Sumatra
XXX,greatest width and height of the medial rostral ,,Harvey 2021 Gonocephalus Sumatra
XXX,length of the tympanum ,,Harvey 2021 Gonocephalus Sumatra
XXX,distance between the eye and tympanum,minimal distance from bony margin of orbit to antero-dorsal border of tympanum,Harvey 2021 Gonocephalus Sumatra
XXX,length of the shank,from the center of the knee to the preaxial base of Toe I,Harvey 2021 Gonocephalus Sumatra
XXX,height of the longest nuchal crest scale,"a straight-line measure from the anterior-most edge of the scale, just above the paravertebral scale row, to the scale’s apex",Harvey 2021 Gonocephalus Sumatra
XXX,height of the longest dorsal crest scale,using the same technique as for nuchal crest scales,Harvey 2021 Gonocephalus Sumatra
RAL,rostral appendage length,distance between tip of snout and tip of horn,Karunarathna 2020 Ceratophora ukuwelai
DLM ,digit length manus,"fork to digit tip, excluding the claw ",Karunarathna 2020 Ceratophora ukuwelai
DLP,digit length pes,"fork to digit tip, excluding the claw ",Karunarathna 2020 Ceratophora ukuwelai
EN,eye to nostril length,distance between anteriormost point of bony orbit and middle of nostril,Karunarathna 2020 Ceratophora ukuwelai
ES,snout length,"distance between anteriormost point of bony orbit and tip of snout, excluding appendage",Karunarathna 2020 Ceratophora ukuwelai
FEL,femur length,distance between groin and knee,Karunarathna 2020 Ceratophora ukuwelai
HD,head depth,"maximum height of head, across eyes",Karunarathna 2020 Ceratophora ukuwelai
HEL,heel length,from wrist to tip of fourth fnger,Karunarathna 2020 Ceratophora ukuwelai
HL,head length,distance between posterior edge of mandible and tip of snout,Karunarathna 2020 Ceratophora ukuwelai
HW,head width,maximum width of head,Karunarathna 2020 Ceratophora ukuwelai
IO,interorbital width,narrowest width across frontal bone ,Karunarathna 2020 Ceratophora ukuwelai
JL,jaw length,from tip of snout to end of mouth corner,Karunarathna 2020 Ceratophora ukuwelai
LAL,forearm length,distance from elbow to wrist with both upper arm and palm fexed at 90,Karunarathna 2020 Ceratophora ukuwelai
OD,orbital diameter,greatest diameter of orbit,Karunarathna 2020 Ceratophora ukuwelai
PAL,palm length,from ankle to tip of fourth toe ,Karunarathna 2020 Ceratophora ukuwelai
SA,snout to axilla,distance between axilla and tip of snout,Karunarathna 2020 Ceratophora ukuwelai
SN,snout to nostril,distance between tip of snout and middle of nostril,Karunarathna 2020 Ceratophora ukuwelai
SVL,snout-vent length,distance between tip of snout and anterior margin of vent ,Karunarathna 2020 Ceratophora ukuwelai
TAL,tail length,distance between anterior margin of vent and tail tip,Karunarathna 2020 Ceratophora ukuwelai
TBL,tibia length,"distance between knee and heel, with both tibia and tarsus fexed at 90° ",Karunarathna 2020 Ceratophora ukuwelai
TRL,trunk length,distance between axilla and groin,Karunarathna 2020 Ceratophora ukuwelai
UAL,upper- arm length,distance between axilla and angle of elbow at 90°,Karunarathna 2020 Ceratophora ukuwelai
SVL,Snout to vent length,from tip of snout to caudal edge of anal scales,Kurnaz 2021 Acanthodactylus Turkey
TL,Tail length,"from caudal edge of anal scales to tip of tail, on complete original tails only",Kurnaz 2021 Acanthodactylus Turkey
HW,Head width,at the widest point of head,Kurnaz 2021 Acanthodactylus Turkey
HH,Head height,from upper surface of head to lower surface of chin,Kurnaz 2021 Acanthodactylus Turkey
HL,Head length,from tip of snout to posterior edge of tympanum,Kurnaz 2021 Acanthodactylus Turkey
PW,Pileus width,at widest point between parietal plates,Kurnaz 2021 Acanthodactylus Turkey
PL,Pileus length,tip of snout to posterior margins of parietals,Kurnaz 2021 Acanthodactylus Turkey
FLL,Fore limb length,,Kurnaz 2021 Acanthodactylus Turkey
HLL,Hind limb length,,Kurnaz 2021 Acanthodactylus Turkey
AL,Anal plate length,,Kurnaz 2021 Acanthodactylus Turkey
AW,Anal plate width,,Kurnaz 2021 Acanthodactylus Turkey
SVL ,Distance from tip of snout to vent,,Nguyen 2021 Dixonius somchanhae
TaL ,Distance from vent to tip of tail,,Nguyen 2021 Dixonius somchanhae
TrunkL ,Axilla to groin distance (trunk length),,Nguyen 2021 Dixonius somchanhae
TW ,"Tail width, measured at base of tail",,Nguyen 2021 Dixonius somchanhae
BW ,"Body width, greatest width of torso",,Nguyen 2021 Dixonius somchanhae
HL,Head length,distance between posterior edge of last supralabial and tip of snout,Nguyen 2021 Dixonius somchanhae
HW,Head width,measured at angle of jaws,Nguyen 2021 Dixonius somchanhae
HD,Head depth,"maximum height of head, from occiput to throat",Nguyen 2021 Dixonius somchanhae
EL,Ear length,length along the major axis of ear,Nguyen 2021 Dixonius somchanhae
CrusL,Crus length,from base of heel to knee,Nguyen 2021 Dixonius somchanhae
FA,Forearm length,distance between palm and elbow,Nguyen 2021 Dixonius somchanhae
ED,Eye diameter,greatest diameter of orbit,Nguyen 2021 Dixonius somchanhae
EN,Eye nostril distance,distance between anteriormost point of eyes and nostrils,Nguyen 2021 Dixonius somchanhae
ES,Eye snout distance,distance between anteriormost point of eyes and tip of snout,Nguyen 2021 Dixonius somchanhae
EE,Eye ear distance,distance from anterior edge of ear opening to posterior corner of eyes,Nguyen 2021 Dixonius somchanhae
IN,Internarial distance,distance between nares,Nguyen 2021 Dixonius somchanhae
IO,Interorbital distance,distance between orbits,Nguyen 2021 Dixonius somchanhae
V,Ventral scale rows,number of longitudinal ventral scale rows counted midway between axilla and groin,Nguyen 2021 Dixonius somchanhae
DTR ,Longitudinal rows of dorsal tubercles,,Nguyen 2021 Dixonius somchanhae
PV,Paravertebral scales,number of scales in a paravertebral row from first scale posterior to parietal scale to last scale at the level of vent opening,Nguyen 2021 Dixonius somchanhae
PV’,Paravertebral scales,scales in a row between limb insertions,Nguyen 2021 Dixonius somchanhae
IOS,Interorbital scales,scales at narrowest point between orbits,Nguyen 2021 Dixonius somchanhae
ICS,Interciliary scales,", scales between supraciliaries at midpoint of orbit",Nguyen 2021 Dixonius somchanhae
SPL ,Supralabials,,Nguyen 2021 Dixonius somchanhae
IFL ,Infralabials,,Nguyen 2021 Dixonius somchanhae
MO ,Number of supralabial at midorbital position,,Nguyen 2021 Dixonius somchanhae
PP ,Precloacal pores,,Nguyen 2021 Dixonius somchanhae
SVL,Snout-vent length,from tip of snout to anterior edge of cloaca ,Patel 2020 Ophisops Gujarat
TL,Tail length,from posterior edge of cloaca to tip of tail,Patel 2020 Ophisops Gujarat
TRL,Trunk length,from posterior margin of fore limb insertion to anterior margin of hind limb insertion ,Patel 2020 Ophisops Gujarat
HL,Head length,from tip of snout to the posterior edge of tympanum ,Patel 2020 Ophisops Gujarat
HH,Head height,maximum distance between upper head and lower jaw ,Patel 2020 Ophisops Gujarat
HW,Head width,distance between posterior eye corners,Patel 2020 Ophisops Gujarat
LFL,Length of forelimb,from top of shoulder joint to tip of 4th finger ,Patel 2020 Ophisops Gujarat
LHL,Length of hindlimb,from hip joint to tip of 4th toe ,Patel 2020 Ophisops Gujarat
FL,Forearm length,from elbow to distal end of wrist,Patel 2020 Ophisops Gujarat
LFO,Length of femur,from hip joint to top of knee ,Patel 2020 Ophisops Gujarat
CL,Length of tibia,from top of knee to beneath wrist ,Patel 2020 Ophisops Gujarat
ED,Eye Diameter,greatest horizontal diameter of eye,Patel 2020 Ophisops Gujarat
SE,Snout to eye distance,from anterior margin of eye to tip of snout ,Patel 2020 Ophisops Gujarat
NE,Nostril to eye distance,from tip of nostril to anterior corner of eye ,Patel 2020 Ophisops Gujarat
EE,Eye to ear distance,from posterior edge of eye and tympanum,Patel 2020 Ophisops Gujarat
NL,Length of neck,distance between posterior edge of tympanum and shoulder joint ,Patel 2020 Ophisops Gujarat
TD,Tympanum diameter,largest size ,Patel 2020 Ophisops Gujarat
IN,Inter narial distance,,Patel 2020 Ophisops Gujarat
IO,Inter orbital distance,taken at the posterior margin of orbit ,Patel 2020 Ophisops Gujarat
LV,Length of cloaca crevice,largest size,Patel 2020 Ophisops Gujarat
LBT,Tail width,length of widest part of tail base ,Patel 2020 Ophisops Gujarat
BW,Body width,length of widest part of belly ,Patel 2020 Ophisops Gujarat
SCS R/L,Supraciliary Scales,,Patel 2020 Ophisops Gujarat
SCG R/L,Supraciliary granules,,Patel 2020 Ophisops Gujarat
SOS R/L,Supraocular scales,,Patel 2020 Ophisops Gujarat
SL R/L,Supralabials,,Patel 2020 Ophisops Gujarat
IL R/L,Infralabials,,Patel 2020 Ophisops Gujarat
LO R/L,Loreals,,Patel 2020 Ophisops Gujarat
STS R/L,Supra temporals scales,,Patel 2020 Ophisops Gujarat
CS R/L,Chin Shields,,Patel 2020 Ophisops Gujarat
DS,Dorsal scales,number of scales on dorsum from behind occipital to above vent ,Patel 2020 Ophisops Gujarat
RBS,Mid body scales,scales in transverse rows at mid body ,Patel 2020 Ophisops Gujarat
VS,Ventral scales,number of enlarged scales on belly from forelimb insertion to above femoral pores ,Patel 2020 Ophisops Gujarat
GS,gular scales,in a straight median series including collar,Patel 2020 Ophisops Gujarat
NCS,Number of collar scales,on ventral side  ,Patel 2020 Ophisops Gujarat
NVS,Number of transverse series of ventral scales,counted in straight median series between collar and the row of scales separating the series of femoral pores  ,Patel 2020 Ophisops Gujarat
R/L NFP,Number of femoral pores,,Patel 2020 Ophisops Gujarat
SBFP,Scale between Femoral pores,,Patel 2020 Ophisops Gujarat
D,dorsal scales,counted from the parietals posteriorly to the insertion of hindlimbs,Ribeiro_Junior 2020 Alopoglossus theodorusi
V,ventrals,counted between the interbrachial and preanal shields,Ribeiro_Junior 2020 Alopoglossus theodorusi
Mb,scale rows around the midbody,,Ribeiro_Junior 2020 Alopoglossus theodorusi
ArT,scale rows around the tail,immediately posterior to the cloaca,Ribeiro_Junior 2020 Alopoglossus theodorusi
So,supraoculars,,Ribeiro_Junior 2020 Alopoglossus theodorusi
Sbo,suboculars,,Ribeiro_Junior 2020 Alopoglossus theodorusi
Po,postoculars,,Ribeiro_Junior 2020 Alopoglossus theodorusi
Sc,superciliaries,,Ribeiro_Junior 2020 Alopoglossus theodorusi
L,loreal,,Ribeiro_Junior 2020 Alopoglossus theodorusi
Fr,frenocular,,Ribeiro_Junior 2020 Alopoglossus theodorusi
Sl,supralabials,,Ribeiro_Junior 2020 Alopoglossus theodorusi
Il,infralabials,,Ribeiro_Junior 2020 Alopoglossus theodorusi
Neck,scales on sides of neck,in transverse rows ,Ribeiro_Junior 2020 Alopoglossus theodorusi
Pairs,pairs of chin shields,,Ribeiro_Junior 2020 Alopoglossus theodorusi
BtwP,small or granular scales,between the pairs of chin shields ,Ribeiro_Junior 2020 Alopoglossus theodorusi
G,gulars,counted between the interbrachial and mental plates,Ribeiro_Junior 2020 Alopoglossus theodorusi
Pores,femoral pores,,Ribeiro_Junior 2020 Alopoglossus theodorusi
F,lamellae under fourth finger,,Ribeiro_Junior 2020 Alopoglossus theodorusi
T,lamellae under fourth toe,,Ribeiro_Junior 2020 Alopoglossus theodorusi
SVL,snout–vent length,from the border of cloaca to the tip of snout,Ribeiro_Junior 2020 Alopoglossus theodorusi
AGL,axilla–groin length,from the anterior margin of the hindlimb to the posterior margin of the forelimb,Ribeiro_Junior 2020 Alopoglossus theodorusi
HD,head depth,at the highest point dorsoventrally,Ribeiro_Junior 2020 Alopoglossus theodorusi
HL,head length,from the anterior margin of tympanic aperture to the tip of snout,Ribeiro_Junior 2020 Alopoglossus theodorusi
FL,forelimb length,,Ribeiro_Junior 2020 Alopoglossus theodorusi
HLL ,hind limb length,,Ribeiro_Junior 2020 Alopoglossus theodorusi
HW,head width,at the widest point,Ribeiro_Junior 2020 Alopoglossus theodorusi
NL,neck length,from the posterior margin of the tympanic aperture to the anterior margin of the forelimb,Ribeiro_Junior 2020 Alopoglossus theodorusi
ShL,shank length,,Ribeiro_Junior 2020 Alopoglossus theodorusi
TL,tail length,,Ribeiro_Junior 2020 Alopoglossus theodorusi
SVL,snout - vent length,,Torres-Carvajal 2021 new Microtegu
TL,tail length,,Torres-Carvajal 2021 new Microtegu
HL,head length,from anterior border of tympanum to tip of snout,Torres-Carvajal 2021 new Microtegu
HW,maximum head width,,Torres-Carvajal 2021 new Microtegu
HD,maximum head depth,,Torres-Carvajal 2021 new Microtegu
EN,eye–snout distance,from anterior corner of eye to tip of snout,Torres-Carvajal 2021 new Microtegu
FLL,forelimb length,from limb insertion to tip of fourth finger,Torres-Carvajal 2021 new Microtegu
HLL,hindlimb length,from limb insertion to tip of fourth toe,Torres-Carvajal 2021 new Microtegu
AGD,axilla–groin distance,,Torres-Carvajal 2021 new Microtegu
XXX,loreal,present or absent ,Weinell 2020 Calamaria alcalai
XXX,preocular scale,present or absent,Weinell 2020 Calamaria alcalai
XXX,subcaudal scales,divided or undivided,Weinell 2020 Calamaria alcalai
XXX,precloacal scale,divided or undivided,Weinell 2020 Calamaria alcalai
XXX,nasal scale,"completely divided, incompletely divided, or undivided",Weinell 2020 Calamaria alcalai
XXX,infralabial mental,first infralabials medially in contact or not in contact and separated by mental scale,Weinell 2020 Calamaria alcalai
XXX,infralabial-chin shield,number of infralabial pairs in contact with anterior chin shields,Weinell 2020 Calamaria alcalai
XXX,internasal-prefrontal,internasals and prefrontals fused or not fused to each other,Weinell 2020 Calamaria alcalai
XXX,parietal scales,pair of parietals absent or present,Weinell 2020 Calamaria alcalai
XXX,anterior chin shield,pair medially in contact or not,Weinell 2020 Calamaria alcalai
XXX,posterior chin shield,pair medially in contact or not,Weinell 2020 Calamaria alcalai
XXX,type of dorsal and ventral body scales,smooth or keeled,Weinell 2020 Calamaria alcalai
XXX,apical pits,present or absent on dorsal scales,Weinell 2020 Calamaria alcalai
XXX,arrangement of longitudinal dorsal body scale rows,in horizontal or oblique rows,Weinell 2020 Calamaria alcalai
XXX,vertebral body scales,enlarged or not relative to other dorsal body scales,Weinell 2020 Calamaria alcalai
XXX,vertebrocaudal scales,enlarged or not relative to other dorsocaudal scales,Weinell 2020 Calamaria alcalai
XXX,reduction of dorsal body scale rows,present or absent,Weinell 2020 Calamaria alcalai
XXX,dorsocaudal scale ,,Weinell 2020 Calamaria alcalai
XXX,supralabial scales ,,Weinell 2020 Calamaria alcalai
XXX,nasal scales ,,Weinell 2020 Calamaria alcalai
XXX,prefrontal scales ,,Weinell 2020 Calamaria alcalai
XXX,preocular scale,,Weinell 2020 Calamaria alcalai
XXX,orbit scales ,,Weinell 2020 Calamaria alcalai
XXX,postocular scales ,,Weinell 2020 Calamaria alcalai
XXX,parietal scales,,Weinell 2020 Calamaria alcalai
XXX,paraparietal scales.,,Weinell 2020 Calamaria alcalai
SVL ,snout-vent length,,Zhang 2021 Cyrtodactylus Daweishan
TL,tail length,,Zhang 2021 Cyrtodactylus Daweishan
HL,head length,,Zhang 2021 Cyrtodactylus Daweishan
HW,head width,,Zhang 2021 Cyrtodactylus Daweishan
HH,head height,from top of skull to underside of jaws;,Zhang 2021 Cyrtodactylus Daweishan
OD,greatest diameter of orbits,,Zhang 2021 Cyrtodactylus Daweishan
SE,snout to eye distance,from tip of snout to anterior corner of eye;,Zhang 2021 Cyrtodactylus Daweishan
EE,eye to ear distance,from anterior edge of ear opening to posterior corner of eye;,Zhang 2021 Cyrtodactylus Daweishan
AG,axilla to groin distance,,Zhang 2021 Cyrtodactylus Daweishan
SL,supralabials,,Zhang 2021 Cyrtodactylus Daweishan
IL,infralabials,,Zhang 2021 Cyrtodactylus Daweishan
XXX,"nasal scales surrounding nare, from rostral to labial","excluding the rostral and labials, i.e. nasorostral,",Zhang 2021 Cyrtodactylus Daweishan
N,"supranasal, postnasals",,Zhang 2021 Cyrtodactylus Daweishan
GST,granular scales surrounding dorsal tubercles,,Zhang 2021 Cyrtodactylus Daweishan
V,ventral scales,within longitudinal rows at midbody,Zhang 2021 Cyrtodactylus Daweishan
DTR,tubercles at dorsum of midbody,,Zhang 2021 Cyrtodactylus Daweishan
MS,scales around midbody,,Zhang 2021 Cyrtodactylus Daweishan
OS,number of ocular scales around ocular area,,Zhang 2021 Cyrtodactylus Daweishan
SR5,scale rows between fifth supralabials,,Zhang 2021 Cyrtodactylus Daweishan
PP,numbers of continuous precloacal-femoral pores,females with pitted scales,Zhang 2021 Cyrtodactylus Daweishan
PAT ,postcloacal tubercles,,Zhang 2021 Cyrtodactylus Daweishan
LF4,subdigital lamellae under the fourth finger,,Zhang 2021 Cyrtodactylus Daweishan
LT4,subdigital lamellae under the fourth toe,,Zhang 2021 Cyrtodactylus Daweishan
SVL,snout-vent length,,Ubalde 2021 Liolaemus Peru
LEI,length of the interparietal,,Ubalde 2021 Liolaemus Peru
AC,head width,,Ubalde 2021 Liolaemus Peru
HC,head height,,Ubalde 2021 Liolaemus Peru
hTy,auditory meatus height,,Ubalde 2021 Liolaemus Peru
aTy,auditory meatus width,,Ubalde 2021 Liolaemus Peru
LC,length of the head,,Ubalde 2021 Liolaemus Peru
ACC,neck width,,Ubalde 2021 Liolaemus Peru
LH,length of mthe hand,,Ubalde 2021 Liolaemus Peru
AHU,arm width,,Ubalde 2021 Liolaemus Peru
LAR,length of the radius,,Ubalde 2021 Liolaemus Peru
LB,length of the arm,,Ubalde 2021 Liolaemus Peru
M,length of the thigh,,Ubalde 2021 Liolaemus Peru
T,length of the tibia,,Ubalde 2021 Liolaemus Peru
TL,length of the trunk,,Ubalde 2021 Liolaemus Peru
AL,body width,,Ubalde 2021 Liolaemus Peru
WTB,width of the base of the tail,,Ubalde 2021 Liolaemus Peru
SVL,Snout–vent length,from tip of snout to cloaca,Wagner 2021 Acanthocercus margaritae
TL,Length of tail,from tip of tail to cloaca,Wagner 2021 Acanthocercus margaritae
TOT,Total length,,Wagner 2021 Acanthocercus margaritae
TW,Tail width,maximum tail width at the tail base,Wagner 2021 Acanthocercus margaritae
TH,Tail height,maximum tail height at the tail base,Wagner 2021 Acanthocercus margaritae
HL,Head length,from tip of snout to angle of jaw,Wagner 2021 Acanthocercus margaritae
HW,Head width,maximum head width at the angle of jaw,Wagner 2021 Acanthocercus margaritae
HH,Head height,maximum head height at angle of jaw,Wagner 2021 Acanthocercus margaritae
SEL,Snout–eye length,from snout tip to anterior margin of eye,Wagner 2021 Acanthocercus margaritae
EEL,Eye–ear length,from posterior margin of the eye to anterior margin of ear,Wagner 2021 Acanthocercus margaritae
ER,Eye length diameter, maximum horizontal eye diameter,Wagner 2021 Acanthocercus margaritae
EAR,Ear length, maximum horizontal ear diameter,Wagner 2021 Acanthocercus margaritae
SAL,Snout–arm length,from snout to anterior insertion of forelimb,Wagner 2021 Acanthocercus margaritae
AGD,Axilla–groin distance,,Wagner 2021 Acanthocercus margaritae
HUL,Humerus length,,Wagner 2021 Acanthocercus margaritae
RUL,Radius-ulna length,,Wagner 2021 Acanthocercus margaritae
FL,Femur length,,Wagner 2021 Acanthocercus margaritae
TFL,Tibia-fibula length,,Wagner 2021 Acanthocercus margaritae
TOL,Length of 4th toe excluding the claw,,Wagner 2021 Acanthocercus margaritae
RPP,rows of precloacal pores,,Wagner 2021 Acanthocercus margaritae
PP,precloacal pores,,Wagner 2021 Acanthocercus margaritae
SL,supralabial scales,,Wagner 2021 Acanthocercus margaritae
IL,infralabial scales,,Wagner 2021 Acanthocercus margaritae
SO,scales on the canthus above the eye,,Wagner 2021 Acanthocercus margaritae
T,Temporal scales between eye and ear,,Wagner 2021 Acanthocercus margaritae
SaA,Anterior dorsal scale rows,counted transversely behind forelimbs,Wagner 2021 Acanthocercus margaritae
SaH,Posterior dorsal scale rows,counted transversely just at anterior insertion of hind limbs,Wagner 2021 Acanthocercus margaritae
SaM,Dorsal scale rows at midbody,counted transversely at midpoint between fore- and hind limbs,Wagner 2021 Acanthocercus margaritae
D,Dorsal scale numbers,counted longitudinally from shoulders to posterior margin of hind limbs,Wagner 2021 Acanthocercus margaritae
V,Ventral scale numbers,counted longitudinally from shoulders to cloaca,Wagner 2021 Acanthocercus margaritae
VFS,Vertebral scales large,same size or smaller than scales on flanks,Wagner 2021 Acanthocercus margaritae
DS,Dorsal scales homogeneous or heterogeneous,,Wagner 2021 Acanthocercus margaritae
EDS,Enlarged dorsal scales smooth," keeled, no enlarged scales",Wagner 2021 Acanthocercus margaritae
DMS,Dorsal matrix scales ,,Wagner 2021 Acanthocercus margaritae
FS,Flank scales smooth,"feebly keeled, keeled",Wagner 2021 Acanthocercus margaritae
VS,Ventral scales smooth,"feebly keeled, keeled",Wagner 2021 Acanthocercus margaritae
GS,Gular scales smooth,"feebly keeled, keeled",Wagner 2021 Acanthocercus margaritae
UTS,Upper tail scales smooth,"feebly keeled, keeled",Wagner 2021 Acanthocercus margaritae
LTS,Lower tail scales smooth,"feebly keeled, keeled",Wagner 2021 Acanthocercus margaritae
OTS,Outer tail scales thorn like,"not thorn like, strongly thorn like",Wagner 2021 Acanthocercus margaritae
PO,Pineal window visible,not visible,Wagner 2021 Acanthocercus margaritae
NS1,Nasal scale,on or below the canthus rostralis,Wagner 2021 Acanthocercus margaritae
NS2,Nasal scale,smooth or keeled,Wagner 2021 Acanthocercus margaritae
NS3,Nasal scale,round or pear-shaped,Wagner 2021 Acanthocercus margaritae
NS4,Nasal scale,flat or convex,Wagner 2021 Acanthocercus margaritae
ST,Scale tufts,"around the ear present, not present",Wagner 2021 Acanthocercus margaritae
SDL,Subdigital lamellae,"keeled, not keeled",Wagner 2021 Acanthocercus margaritae
SBT,Scales between last tail spine,,Wagner 2021 Acanthocercus margaritae
CV,No. of caudal vertebrae,,Wagner 2021 Acanthocercus margaritae
FV,No. of vertebrae of the tail filament,,Wagner 2021 Acanthocercus margaritae
CR,Caudal ribs absent or present,,Wagner 2021 Acanthocercus margaritae
AS,"annectans-type scale present, not present",,Wagner 2021 Acanthocercus margaritae
LT,"Longest toe 4th, equal, 3rd",,Wagner 2021 Acanthocercus margaritae
TC,Male throat colored ,"with a network, not with a network",Wagner 2021 Acanthocercus margaritae
AUS,Upper arms ,keeled,Wagner 2021 Acanthocercus margaritae
ED,horizontal eye diameter,,Sumontha 2021 Trimeresurus kuiburi
HD,maximum head depth,,Sumontha 2021 Trimeresurus kuiburi
HL,head length, from the tip of rostral to the posterior end of the jaw,Sumontha 2021 Trimeresurus kuiburi
HW,maximum head width,,Sumontha 2021 Trimeresurus kuiburi
SnL,snout length, from the tip of rostral to the anterior eye margins,Sumontha 2021 Trimeresurus kuiburi
SOL,supraocular length;,,Sumontha 2021 Trimeresurus kuiburi
SOW,supraocular width,,Sumontha 2021 Trimeresurus kuiburi
SVL,snout-vent length,,Sumontha 2021 Trimeresurus kuiburi
TaL,"tail length; TL, total length.",,Sumontha 2021 Trimeresurus kuiburi
A,anal plate(s),,Sumontha 2021 Trimeresurus kuiburi
ASR,anterior number of dorsal scale rows (at one HL behindhead),,Sumontha 2021 Trimeresurus kuiburi
IL,infralabial scales,,Sumontha 2021 Trimeresurus kuiburi
IOS,interorbital scales,counted along a row between the middle of supraocular scales,Sumontha 2021 Trimeresurus kuiburi
MSR,number of dorsal scale rows at midbody, at the level of the ventral plate corresponding to half of the total number of ventrals,Sumontha 2021 Trimeresurus kuiburi
PosOc,postocular scale(s),,Sumontha 2021 Trimeresurus kuiburi
PSR,posterior number of dorsal scale rows, at one HL before anal plate,Sumontha 2021 Trimeresurus kuiburi
PreV,number of preventrals ,"directly preceding the ventrals, unpaired, wider than long but not in contact on each side with the 1st dorsal scale row",Sumontha 2021 Trimeresurus kuiburi
SC,"subcaudal scales, not including the terminal, pointed scute",,Sumontha 2021 Trimeresurus kuiburi
SL,supralabial scales,,Sumontha 2021 Trimeresurus kuiburi
SRR,dorsal scale rows reduction,,Sumontha 2021 Trimeresurus kuiburi
V,ventral scales ,,Sumontha 2021 Trimeresurus kuiburi
DO,number of dorsal scale rows,,Trevine 2021 Thamnodynastes silvai
SV,snout-vent length,,Trevine 2021 Thamnodynastes silvai
Tl,tail length,,Trevine 2021 Thamnodynastes silvai
Hl,head length,,Trevine 2021 Thamnodynastes silvai
Ve,number of ventrals,,Trevine 2021 Thamnodynastes silvai
SC,subcaudals,,Trevine 2021 Thamnodynastes silvai
XXX,ventral stripes,,Trevine 2021 Thamnodynastes silvai
SVL,,,Riyanto 2021 Cyrtodactylus hamidyi
TailL,tail length,measured from vent to tip of tail),Riyanto 2021 Cyrtodactylus hamidyi
HL,head length,distance from tip of snout to posterior edge of retroarticular process of lower jaw,Riyanto 2021 Cyrtodactylus hamidyi
HW,head width,measured a straight line at angle of jaws,Riyanto 2021 Cyrtodactylus hamidyi
HH,head height,maximum height of head between occiput and throat,Riyanto 2021 Cyrtodactylus hamidyi
SL,snout length,measured from tip of snout to anterior most edge of orbit,Riyanto 2021 Cyrtodactylus hamidyi
EyeEar,eye to ear distance,measured from edge of orbit to anterior edge of ear opening,Riyanto 2021 Cyrtodactylus hamidyi
EarL,ear length,maximum length of ear opening,Riyanto 2021 Cyrtodactylus hamidyi
"OD,",orbit diameter,horizontal diameter of orbit,Riyanto 2021 Cyrtodactylus hamidyi
ArmL,forearm length,taken on dorsal surface of posterior margin of elbow while flexed at 90o to inflection of dorsally flexed wrist,Riyanto 2021 Cyrtodactylus hamidyi
AGL,axilla groin length,measured from axilla to groin,Riyanto 2021 Cyrtodactylus hamidyi
TibL,tibia length,measured on ventral surface from posterior surface from posterior surface of knee while flexed at 90o to base of the heel,Riyanto 2021 Cyrtodactylus hamidyi
SuL,supralabial scales,counted from largest scale immediately posterior to dorsal inflection of posterior portion of upper jaw to the rostral scales,Riyanto 2021 Cyrtodactylus hamidyi
InfL,infralabial scales,"number of labial scales of lower jaw, beginning with first scale bordering mental shield, ending with last enlarged scale bordering labial angle",Riyanto 2021 Cyrtodactylus hamidyi
EPFS,enlarged precloacofemoral scales,"number of enlarged precloacofemoral scales counted along lowest, pore-bearing row",Riyanto 2021 Cyrtodactylus hamidyi
DT,dorsal tubercles,number of longitudinal tubercle rows on dorsum at midbody between ventrolateral folds ,Riyanto 2021 Cyrtodactylus hamidyi
PVT,paravertebral tubercles,tubercles along paravertebral counted between postaxial margin of arm and pre-axial margin of leg,Riyanto 2021 Cyrtodactylus hamidyi
VS,ventral scale rows,"number of ventral scales at midbody, counted in one line between ventrolateral folds",Riyanto 2021 Cyrtodactylus hamidyi
SVL,Snout–vent length,,Shi 2021 Gloydius Qinghai
TL,tail length,,Shi 2021 Gloydius Qinghai
XXX,"total length (TTL; i.e., SVL + TL) ",,Shi 2021 Gloydius Qinghai
HL,head length,from the tip of snout to the posterior margin of mandible,Shi 2021 Gloydius Qinghai
HW,head width,the widest part of the head in dorsal view,Shi 2021 Gloydius Qinghai
HD,head depth,the deepest part of the head in lateral view,Shi 2021 Gloydius Qinghai
SL,snout length,from the tip of snout to the anterior margin of the eye,Shi 2021 Gloydius Qinghai
ED,eye diameter,measured as a horizontal distance,Shi 2021 Gloydius Qinghai
IOS,interorbital space,the distance between the top margin of eyes,Shi 2021 Gloydius Qinghai
INS,internasal space,the distance between nostrils,Shi 2021 Gloydius Qinghai
SPL,supralabials,,Shi 2021 Gloydius Qinghai
IFL,infralabials,,Shi 2021 Gloydius Qinghai
DS,dorsal scales,,Shi 2021 Gloydius Qinghai
V,ventral scales,,Shi 2021 Gloydius Qinghai
SC,subcaudal scales,,Shi 2021 Gloydius Qinghai
SVL,snout–vent length,from the border of cloaca to the tip of snout,Ribeiro-Ju?ünior 2021 Alopoglossus
AGL,axilla–groin length,from the anterior margin of the hind limb to the posterior margin of the forelimb,Ribeiro-Ju?ünior 2021 Alopoglossus
HD,head depth,at the highest point dorsoventrally,Ribeiro-Ju?ünior 2021 Alopoglossus
HW,head width,at the widest point,Ribeiro-Ju?ünior 2021 Alopoglossus
HL,head length,from the anterior margin of tympanic aperture to the tip of snout,Ribeiro-Ju?ünior 2021 Alopoglossus
NL,neck length,from the posterior margin of the tympanic aperture to the anterior margin of the forelimb,Ribeiro-Ju?ünior 2021 Alopoglossus
FL,forelimb length,,Ribeiro-Ju?ünior 2021 Alopoglossus
HLL,hindlimb length,,Ribeiro-Ju?ünior 2021 Alopoglossus
ShL,shank length,,Ribeiro-Ju?ünior 2021 Alopoglossus
TL,tail length,,Ribeiro-Ju?ünior 2021 Alopoglossus
D,dorsal scales,counted from the parietals posteriorly to the insertion of hindlimbs,Ribeiro-Ju?ünior 2021 Alopoglossus
V,ventrals,,Ribeiro-Ju?ünior 2021 Alopoglossus
Mb,scale rows around them midbody,"scale rows around the tail, immediately posterior to the cloaca",Ribeiro-Ju?ünior 2021 Alopoglossus
So,supraoculars,,Ribeiro-Ju?ünior 2021 Alopoglossus
Sbo,suboculars,,Ribeiro-Ju?ünior 2021 Alopoglossus
Po,postoculars,,Ribeiro-Ju?ünior 2021 Alopoglossus
Sc,superciliaries,,Ribeiro-Ju?ünior 2021 Alopoglossus
L,loreal,,Ribeiro-Ju?ünior 2021 Alopoglossus
Fr,frenocular,,Ribeiro-Ju?ünior 2021 Alopoglossus
Sl,supralabials,,Ribeiro-Ju?ünior 2021 Alopoglossus
Il),infralabials,,Ribeiro-Ju?ünior 2021 Alopoglossus
Neck,scales on sides of neck,in transverse rows,Ribeiro-Ju?ünior 2021 Alopoglossus
Pairs,pairs of chin shields,,Ribeiro-Ju?ünior 2021 Alopoglossus
BtwP,granular scales between the pairs of chin shields,,Ribeiro-Ju?ünior 2021 Alopoglossus
G,gulars,counted between the interbrachial and mental plates,Ribeiro-Ju?ünior 2021 Alopoglossus
Pores,femoral pores,,Ribeiro-Ju?ünior 2021 Alopoglossus
F,lamellae under fourth finger,,Ribeiro-Ju?ünior 2021 Alopoglossus
T,lamellae under fourth toe,,Ribeiro-Ju?ünior 2021 Alopoglossus
TL,total length,from tip of snout to tip of tail,Qi 2021 Elaphe xiphodonata
SVL,snout-vent length,from tip of snout to posterior margin of cloacal plate,Qi 2021 Elaphe xiphodonata
TaL,tail length,from posterior margin of cloacal plate to tip of tail,Qi 2021 Elaphe xiphodonata
HL,head length,from tip of snout to posterior margin of the mandible,Qi 2021 Elaphe xiphodonata
HW,maximum head width,,Qi 2021 Elaphe xiphodonata
ED,eye horizontal diameter,,Qi 2021 Elaphe xiphodonata
RW,maximum rostral width,,Qi 2021 Elaphe xiphodonata
RH,maximum rostral height,,Qi 2021 Elaphe xiphodonata
DSR,dorsal scale rows,"counted at one head length behind head, at midbody, and at one head length before vent",Qi 2021 Elaphe xiphodonata
SPL,supralabials,,Qi 2021 Elaphe xiphodonata
IFL,infralabials,,Qi 2021 Elaphe xiphodonata
CS,chin shields,,Qi 2021 Elaphe xiphodonata
PrO,preoculars,,Qi 2021 Elaphe xiphodonata
PtO,postoculars,,Qi 2021 Elaphe xiphodonata
LoR,loreal,,Qi 2021 Elaphe xiphodonata
aTMP,anterior temporals,,Qi 2021 Elaphe xiphodonata
pTMP,posterior temporals,,Qi 2021 Elaphe xiphodonata
PrV,preventral scales,,Qi 2021 Elaphe xiphodonata
V,ventral scales,,Qi 2021 Elaphe xiphodonata
PrC,precloacal plate,,Qi 2021 Elaphe xiphodonata
SC,subcaudals,,Qi 2021 Elaphe xiphodonata
SVL,snout to vent length,,Purkayastha 2021 Cyrtodactylus northeast India
TRL,trunk length,,Purkayastha 2021 Cyrtodactylus northeast India
BW,maximum body width,,Purkayastha 2021 Cyrtodactylus northeast India
TL,tail length,,Purkayastha 2021 Cyrtodactylus northeast India
TW,tail width ,taken on first tail segment,Purkayastha 2021 Cyrtodactylus northeast India
TD,tail depth ,taken on first tail segment,Purkayastha 2021 Cyrtodactylus northeast India
HL,head length, from the snout tip to the retroarticular process of the jaw,Purkayastha 2021 Cyrtodactylus northeast India
HW,maximum head width,,Purkayastha 2021 Cyrtodactylus northeast India
JW,jaw width ,taken ventrally at the retroarticular process of the jaw,Purkayastha 2021 Cyrtodactylus northeast India
HD,maximum head depth,,Purkayastha 2021 Cyrtodactylus northeast India
FL,forearm length,,Purkayastha 2021 Cyrtodactylus northeast India
CL,crus length,,Purkayastha 2021 Cyrtodactylus northeast India
OD,orbit diameter,,Purkayastha 2021 Cyrtodactylus northeast India
NO,distance between the posterior edge of the nostril and the anterior orbital border,,Purkayastha 2021 Cyrtodactylus northeast India
SO,distance between the snout tip and the anterior orbital border,,Purkayastha 2021 Cyrtodactylus northeast India
OE,distance between posterior orbital border and the anterior border of the ear,,Purkayastha 2021 Cyrtodactylus northeast India
EL,maximum ear length,,Purkayastha 2021 Cyrtodactylus northeast India
ES,anterior border of the ear to the snout tip,,Purkayastha 2021 Cyrtodactylus northeast India
IN,internarial distance,,Purkayastha 2021 Cyrtodactylus northeast India
IO,minimum interorbital distance, between left and right supraciliary rows,Purkayastha 2021 Cyrtodactylus northeast India
FW,minimum frontal width,,Purkayastha 2021 Cyrtodactylus northeast India
RL,maximum rostral length,,Purkayastha 2021 Cyrtodactylus northeast India
RW,maximum rostral width,,Purkayastha 2021 Cyrtodactylus northeast India
ML,maximum mental length,,Purkayastha 2021 Cyrtodactylus northeast India
MW,maximum mental width,,Purkayastha 2021 Cyrtodactylus northeast India
PMIL,maximum length of inner postmental,,Purkayastha 2021 Cyrtodactylus northeast India
PMIIL,maximum length of outer postmental,,Purkayastha 2021 Cyrtodactylus northeast India
PcP,precloacal pores,,Purkayastha 2021 Cyrtodactylus northeast India
PcFP,precloacofemoral pores,,Purkayastha 2021 Cyrtodactylus northeast India
MVSR,mid-ventral scale rows,counted between ventrolateral folds,Purkayastha 2021 Cyrtodactylus northeast India
PVT,paravertebral tubercles on the trunk only,counted between the level of the axilla and the level of the groin,Purkayastha 2021 Cyrtodactylus northeast India
DTR,dorsal tubercle rows,counted transversely across the body,Purkayastha 2021 Cyrtodactylus northeast India
SL,total supralabials,,Purkayastha 2021 Cyrtodactylus northeast India
IL,total infralabials,,Purkayastha 2021 Cyrtodactylus northeast India
SVL,Snout-vent length,,Pizzigalli 2021 Mesalina olivieri.pdf
TL,Tail length,,Pizzigalli 2021 Mesalina olivieri.pdf
HL,Head length,,Pizzigalli 2021 Mesalina olivieri.pdf
HW,Head width,,Pizzigalli 2021 Mesalina olivieri.pdf
HH,Head height,,Pizzigalli 2021 Mesalina olivieri.pdf
D,dorsal scales ,counted around midbody,Pizzigalli 2021 Mesalina olivieri.pdf
V,ventral plates,,Pizzigalli 2021 Mesalina olivieri.pdf
G,gular scales ,in one straight line from the collar to the infralabials (collar included),Pizzigalli 2021 Mesalina olivieri.pdf
Pf (Dx and Sx),femoral pores ,on the right and left sides,Pizzigalli 2021 Mesalina olivieri.pdf
Lam,lamellae ,beneath the fourth toe,Pizzigalli 2021 Mesalina olivieri.pdf
NTS,No. of rows of temporal granulae,average of left and right side,Pizzigalli 2021 Mesalina olivieri.pdf
TR,No. of scales around the tail at the 10th scale ring,,Pizzigalli 2021 Mesalina olivieri.pdf
SL,No. of supralabials in contact with the subocular on the right and left sides,,Pizzigalli 2021 Mesalina olivieri.pdf
IL (Dx and Sx),No. of infralabials on the right and left sides,,Pizzigalli 2021 Mesalina olivieri.pdf
Col,No. of enlarged scales forming a collar,,Pizzigalli 2021 Mesalina olivieri.pdf
EL,No. of enlarged scales on the lower eyelid," forming the palpebral disks, average of left and right side",Pizzigalli 2021 Mesalina olivieri.pdf
EBL,Black line surrounding the eyelids scales ,,Pizzigalli 2021 Mesalina olivieri.pdf
SPDLL ,Pale dorsolateral line ,No. of scales included into the width of the pale dorsolateral line,Pizzigalli 2021 Mesalina olivieri.pdf
DDSLL,Dark supra-dorsolateral line  ,,Pizzigalli 2021 Mesalina olivieri.pdf
Lor,loreal,,Peng 2021 Gonyosoma Hainan
PrO,preocular,,Peng 2021 Gonyosoma Hainan
PtO,postocular counts,,Peng 2021 Gonyosoma Hainan
SL,supralabial,,Peng 2021 Gonyosoma Hainan
IL,infralabial,,Peng 2021 Gonyosoma Hainan
Tem,temporal counts,,Peng 2021 Gonyosoma Hainan
DSR,dorsal scale row numbers,"counting at one head length  behind  head,  at  midbody,  and  at  one  head  length before  vent,  respectively)",Peng 2021 Gonyosoma Hainan
VEN,ventral  counts,,Peng 2021 Gonyosoma Hainan
SC,subcaudal  counts,terminal  scute excluded from number of subcaudals,Peng 2021 Gonyosoma Hainan
PreAn,preanal plate,,Peng 2021 Gonyosoma Hainan
ILC,infralabial  contact  with  first  pair  of  chin  shields,,Peng 2021 Gonyosoma Hainan
SVL,snout-vent length,distance from tip of snout to posterior margin of cloaca,Peng 2021 Gonyosoma Hainan
TaL,tail  length,distance  from  posterior  margin  of cloaca to tail tip,Peng 2021 Gonyosoma Hainan
HL,head length,posterior edge of jaw to tip of snout,Peng 2021 Gonyosoma Hainan
HW,head width,maximum head width,Peng 2021 Gonyosoma Hainan
EL,eye length,maximum vertical eye length,Peng 2021 Gonyosoma Hainan
EW,eye width,maximum horizontal  eye  width,Peng 2021 Gonyosoma Hainan
HH,head  height,,Peng 2021 Gonyosoma Hainan
RW,rostral  width,,Peng 2021 Gonyosoma Hainan
BW,Body width,"greatest width of torso, taken at level of midbody",Pauwels 2021 Dixonius_mekongensis
EarL,ear length,the greatest horizontal distance of the ear opening,Pauwels 2021 Dixonius_mekongensis
FAL,forearm length,taken on the dorsal surface from the posterior margin of the elbow while flexed 90° to the inflection of the flexed wrist,Pauwels 2021 Dixonius_mekongensis
HD,head depth,the maximum depth of head from the occiput to the throat,Pauwels 2021 Dixonius_mekongensis
HL,head length,from the posterior margin of the retroarticular process of the lower jaw to the tip of the snout,Pauwels 2021 Dixonius_mekongensis
HW,head width,measured at the angle of the jaws,Pauwels 2021 Dixonius_mekongensis
InterN,internarial distance,measured between the nares across the rostrum,Pauwels 2021 Dixonius_mekongensis
InterOrb,interorbital distance,measured between the anterior edges of the orbits,Pauwels 2021 Dixonius_mekongensis
NosOrb,nostril to orbit distance,from the posterior margin of the external nares to the anterior margin of the orbit,Pauwels 2021 Dixonius_mekongensis
OrbD,orbit diameter,the greatest horizontal diameter of the orbit,Pauwels 2021 Dixonius_mekongensis
OrbEar,orbit to ear distance,from the anterior edge of the ear opening to the posterior edge of the orbit,Pauwels 2021 Dixonius_mekongensis
SnOrb,snout to eye distance,from the tip of the snout to the anteriormost margin of the orbit,Pauwels 2021 Dixonius_mekongensis
SVL,snout-vent length,taken from the tip of snout to the vent,Pauwels 2021 Dixonius_mekongensis
TailL,tail length,"taken from the vent to the tip of the tail, original or regenerated",Pauwels 2021 Dixonius_mekongensis
TailW,tail width,taken at the base of the tail immediately posterior to the postcloacal swelling,Pauwels 2021 Dixonius_mekongensis
TibL,tibia length,taken on the ventral surface from the posterior surface of the knee while flexed 90° to the base of heel,Pauwels 2021 Dixonius_mekongensis
TrunkL,axilla to groin length (trunk length),taken from the posterior margin of the forelimb at its insertion point on the body to the anterior margin of the hind limb at its insertion point on the body.,Pauwels 2021 Dixonius_mekongensis
DTR,longitudinal rows of dorsal tubercles,,Pauwels 2021 Dixonius_mekongensis
FemPo,femoral pores,,Pauwels 2021 Dixonius_mekongensis
ICS,interciliary scales,counted between supraciliaries at midpoint of orbit,Pauwels 2021 Dixonius_mekongensis
IL,infralabial scales,,Pauwels 2021 Dixonius_mekongensis
InterOrbS,interorbital scales,counted across the narrowest point of the frontal bone,Pauwels 2021 Dixonius_mekongensis
PrePo,precloacal pores,,Pauwels 2021 Dixonius_mekongensis
PV,paravertebral scales,number of scales in a paravertebral row from first scale posterior to parietal scale to last scale at the level of vent opening,Pauwels 2021 Dixonius_mekongensis
PV’,paravertebral scales,in a row between limb insertions,Pauwels 2021 Dixonius_mekongensis
SL,supralabial scales,,Pauwels 2021 Dixonius_mekongensis
SLMOrb,number of supralabial scales at mid-orbital position,,Pauwels 2021 Dixonius_mekongensis
SubLT4,number of subdigital lamellae beneath 4th toe,,Pauwels 2021 Dixonius_mekongensis
Ven,ventral scales,,Pauwels 2021 Dixonius_mekongensis
EarH,ear height,the greatest vertical distance of the ear opening,Meesook 2021 Gekko_pradapdao
EarL,ear length,the greatest horizontal distance of the ear opening,Meesook 2021 Gekko_pradapdao
FAL,forearm length,taken on the dorsal surface from the posterior margin of the elbow while flexed 90° to the inflection of the flexed wrist,Meesook 2021 Gekko_pradapdao
HeadD,head depth,the maximum depth of head from the occiput to the throat,Meesook 2021 Gekko_pradapdao
HeadL,head length,from the posterior margin of the retroarticular process of the lower jaw to the tip of the snout,Meesook 2021 Gekko_pradapdao
HeadW,head width,measured at the angle of the jaws,Meesook 2021 Gekko_pradapdao
InterN,internarial distance,measured between the nares across the rostrum,Meesook 2021 Gekko_pradapdao
InterOrb,interorbital distance,measured between the anterior edges of the orbits,Meesook 2021 Gekko_pradapdao
MenL,length of the mental,,Meesook 2021 Gekko_pradapdao
MenW,width of the mental,,Meesook 2021 Gekko_pradapdao
NeckW,maximum width of neck,,Meesook 2021 Gekko_pradapdao
NosOrb,nostril to orbit distance,from the posterior margin of the external nares to the anterior margin of the orbit,Meesook 2021 Gekko_pradapdao
OrbD,orbit diameter,the greatest horizontal diameter of the orbit,Meesook 2021 Gekko_pradapdao
OrbEar,orbit to ear distance,from the anterior edge of the ear opening to the posterior edge of the orbit,Meesook 2021 Gekko_pradapdao
RosW,maximum width of the rostral,,Meesook 2021 Gekko_pradapdao
SnOrb,snout to eye distance,from the tip of the snout to the anteriormost margin of the orbit,Meesook 2021 Gekko_pradapdao
SVL,snout-vent length,taken from the tip of snout to the vent,Meesook 2021 Gekko_pradapdao
TailL,tail length,"taken from the vent to the tip of the tail, original or regenerated",Meesook 2021 Gekko_pradapdao
TailW,tail width,taken at the base of the tail immediately posterior to the postcloacal swelling,Meesook 2021 Gekko_pradapdao
TibL,tibia length,taken on the ventral surface from the posterior surface of the knee while flexed 90° to the base of heel,Meesook 2021 Gekko_pradapdao
ToeL I-V,length of toes one to five,,Meesook 2021 Gekko_pradapdao
TrunkL,axilla to groin length (trunk length),taken from the posterior margin of the forelimb at its insertion point on the body to the anterior margin of the hind limb at its insertion point on the body,Meesook 2021 Gekko_pradapdao
TrunkW,greatest width of torso,taken at level of midbody,Meesook 2021 Gekko_pradapdao
DTR,longitudinal rows of dorsal tubercles at midbody,,Meesook 2021 Gekko_pradapdao
FemPo,femoral pores,,Meesook 2021 Gekko_pradapdao
IL,infralabial scales,,Meesook 2021 Gekko_pradapdao
InterCilS,interorbital scale,rows between supraciliaries,Meesook 2021 Gekko_pradapdao
InterOrbS,interorbital scales,counted across the narrowest point of the frontal bone,Meesook 2021 Gekko_pradapdao
MSR,number of scale rows around midbody,,Meesook 2021 Gekko_pradapdao
ParaTub,number of paravertebral tubercles between the limbs insertions,counted in a straight line immediately left of the vertebral column,Meesook 2021 Gekko_pradapdao
PrePo,precloacal pores,,Meesook 2021 Gekko_pradapdao
SL,supralabial scales,,Meesook 2021 Gekko_pradapdao
SLMOrb,number of supralabial scales at mid-orbital position,,Meesook 2021 Gekko_pradapdao
SubDL,number of subdigital lamellae,,Meesook 2021 Gekko_pradapdao
SVL,Snout vent length,,Marti?ünez-Freiri?üa 2021 Vipera latastei
TAIL,Tail length,,Marti?ünez-Freiri?üa 2021 Vipera latastei
HL,Head length,,Marti?ünez-Freiri?üa 2021 Vipera latastei
ML,Mouth length,,Marti?ünez-Freiri?üa 2021 Vipera latastei
HH,Head height,,Marti?ünez-Freiri?üa 2021 Vipera latastei
HW,Head width,,Marti?ünez-Freiri?üa 2021 Vipera latastei
APIC,Number of apical scales,,Marti?ünez-Freiri?üa 2021 Vipera latastei
INTER,Number of intercanthal+intrasupraocular scales,,Marti?ünez-Freiri?üa 2021 Vipera latastei
LOR,Number of loreal scales (right side),,Marti?ünez-Freiri?üa 2021 Vipera latastei
SUP,Number of supralabial scales (right side),,Marti?ünez-Freiri?üa 2021 Vipera latastei
INFR,Number of infralabial scales (right side),,Marti?ünez-Freiri?üa 2021 Vipera latastei
PERIOC,Number of periocular scales (right side),,Marti?ünez-Freiri?üa 2021 Vipera latastei
VENT,Number of ventral scales,,Marti?ünez-Freiri?üa 2021 Vipera latastei
SUBC,Number of subcaudal scales,,Marti?ünez-Freiri?üa 2021 Vipera latastei
DORS,Number of dorsal rows at midbody,,Marti?ünez-Freiri?üa 2021 Vipera latastei
PARIET,Fragmentation of the parietal plates (partial / total),,Marti?ünez-Freiri?üa 2021 Vipera latastei
FRONT,Fragmentation of the frontal plate (partial / total),,Marti?ünez-Freiri?üa 2021 Vipera latastei
ROWS,Scale row between periocular and supraocular scales(complete / incomplete),,Marti?ünez-Freiri?üa 2021 Vipera latastei
SVL,snout–vent length,measured from the tip of the snout to the anterior edge of the cloaca,Parrinha 2021 Pedioplanis Angola
TL,tail length," from the vent to the tip of the tail,measured only in specimens with complete, original tails",Parrinha 2021 Pedioplanis Angola
HL,head length,from the anterior edge of the occipital scale to the tip of the snout,Parrinha 2021 Pedioplanis Angola
HW,head width,"measured behind the eyes, where the head is widest",Parrinha 2021 Pedioplanis Angola
ILL,inter-limb length,corresponding to the distance between the insertion of the anterior and posterior limbs,Parrinha 2021 Pedioplanis Angola
BL,body length,from the anterior edge of the cloaca to the collar,Parrinha 2021 Pedioplanis Angola
CSL,collar-snout length,from the median collar plate to the tip of the snout,Parrinha 2021 Pedioplanis Angola
LFL,length of the forelimb,from the elbow to the wrist,Parrinha 2021 Pedioplanis Angola
LHL,length of the hindlimb,measured from knee to heel,Parrinha 2021 Pedioplanis Angola
SL,supralabials anterior to the subocular,,Parrinha 2021 Pedioplanis Angola
IL,infralabials,,Parrinha 2021 Pedioplanis Angola
SC,number of supraciliaries,,Parrinha 2021 Pedioplanis Angola
GrSO,number of small granules anterior to the supraoculars,presence and shape of tympanic shield,Parrinha 2021 Pedioplanis Angola
GrRows,rows of small granules between supraoculars and supraciliaries,,Parrinha 2021 Pedioplanis Angola
Eye,number of enlarged transparent scales on the lower eyelid,,Parrinha 2021 Pedioplanis Angola
LVSR,number of longitudinal,,Parrinha 2021 Pedioplanis Angola
TVSR,transverse,rows of ventral scales,Parrinha 2021 Pedioplanis Angola
FP,number of femoral pores,,Parrinha 2021 Pedioplanis Angola
CP,number of collar plates,,Parrinha 2021 Pedioplanis Angola
GS,number of gular scales,,Parrinha 2021 Pedioplanis Angola
SVL,snout-vent length,,Lobo?ün-Rovira 2021 Hemidactylus Angola
TRL,trunk length,,Lobo?ün-Rovira 2021 Hemidactylus Angola
BW,body width,maximum width of body,Lobo?ün-Rovira 2021 Hemidactylus Angola
CL,crus length,from base of heel to knee,Lobo?ün-Rovira 2021 Hemidactylus Angola
TL,tail length,,Lobo?ün-Rovira 2021 Hemidactylus Angola
TW,tail width,,Lobo?ün-Rovira 2021 Hemidactylus Angola
HL,headlength,,Lobo?ün-Rovira 2021 Hemidactylus Angola
HW,head width,,Lobo?ün-Rovira 2021 Hemidactylus Angola
HH,head height,,Lobo?ün-Rovira 2021 Hemidactylus Angola
FL,forearm length,,Lobo?ün-Rovira 2021 Hemidactylus Angola
OD,orbital diameter,,Lobo?ün-Rovira 2021 Hemidactylus Angola
NE,nares to eye distance,,Lobo?ün-Rovira 2021 Hemidactylus Angola
SE,snout to eye distance,,Lobo?ün-Rovira 2021 Hemidactylus Angola
EE,eye to ear distance,,Lobo?ün-Rovira 2021 Hemidactylus Angola
IN,internarial distance,,Lobo?ün-Rovira 2021 Hemidactylus Angola
IO,interorbital distance,,Lobo?ün-Rovira 2021 Hemidactylus Angola
BW,body width,maximum width of body,Liu 2021 Cyrtodactylus Western Yunnan
CL,crus length,from the base of heel to the knee,Liu 2021 Cyrtodactylus Western Yunnan
EE,orbit to ear distance,from posterior corner of eye orbit to anterior margin of ear opening,Liu 2021 Cyrtodactylus Western Yunnan
EL,ear  length,greatest diameter of ear,Liu 2021 Cyrtodactylus Western Yunnan
FL,forearm length,from the base of the palm to the elbow,Liu 2021 Cyrtodactylus Western Yunnan
HH,head-height,from occiput to underside of jaws,Liu 2021 Cyrtodactylus Western Yunnan
HL,head length,from tip of snout to posterior margin of jaw,Liu 2021 Cyrtodactylus Western Yunnan
HW,head width,maximum width of head,Liu 2021 Cyrtodactylus Western Yunnan
IN,internarial distance,measured between inner borders of nostrils,Liu 2021 Cyrtodactylus Western Yunnan
IO,interorbital distance,measured across narrowest point of frontal bone,Liu 2021 Cyrtodactylus Western Yunnan
NE,nostril to eye distance,from nostril to anterior corner of eye orbit,Liu 2021 Cyrtodactylus Western Yunnan
ED,eye diameter greatest diameter of eye,,Liu 2021 Cyrtodactylus Western Yunnan
SE,snout to eye distance,from tip of snout to anterior corner of eye orbit,Liu 2021 Cyrtodactylus Western Yunnan
SVL,snout to vent length,from tip of snout to anterior margin of cloaca,Liu 2021 Cyrtodactylus Western Yunnan
TL,tail length,from posterior margin of cloaca to tip of tail,Liu 2021 Cyrtodactylus Western Yunnan
TRL,trunk length,axilla to groin distance,Liu 2021 Cyrtodactylus Western Yunnan
TW,tail width,maximum width of tail,Liu 2021 Cyrtodactylus Western Yunnan
DTR,dorsal tubercle rows,,Liu 2021 Cyrtodactylus Western Yunnan
MVSR,midbody ventral scale rows,,Liu 2021 Cyrtodactylus Western Yunnan
PVT,paravertebral tubercles,,Liu 2021 Cyrtodactylus Western Yunnan
SL,supralabials,,Liu 2021 Cyrtodactylus Western Yunnan
IL,infralabials,,Liu 2021 Cyrtodactylus Western Yunnan
PcP,precloacal pores,,Liu 2021 Cyrtodactylus Western Yunnan
PcFP,precloacofemoral pores,,Liu 2021 Cyrtodactylus Western Yunnan
SVL,Snout–vent length,,Lee 2021 Calamaria nebulosa
TailL,tail length,,Lee 2021 Calamaria nebulosa
SVL,snout–vent length,from tip of snout to anterior margin of the cloaca,Li 2021 Achalinus dehuaensis
TaL,tail length, from posterior margin of cloaca to tip of tail,Li 2021 Achalinus dehuaensis
LSBP,length of suture between the prefrontals,,Li 2021 Achalinus dehuaensis
LSBI,length of suture between internasals,,Li 2021 Achalinus dehuaensis
SPO,supraoculars,,Li 2021 Achalinus dehuaensis
SPL,supralabials,,Li 2021 Achalinus dehuaensis
IFL,infralabials,,Li 2021 Achalinus dehuaensis
aTMP,anterior temporals,,Li 2021 Achalinus dehuaensis
mTMP,middle temporals,,Li 2021 Achalinus dehuaensis
pTMP,posterior temporals,,Li 2021 Achalinus dehuaensis
VS,ventral scales,,Li 2021 Achalinus dehuaensis
SC,subcaudals,,Li 2021 Achalinus dehuaensis
DSR,dorsal scale rows,,Li 2021 Achalinus dehuaensis
BS,body scales,,Li 2021 Achalinus dehuaensis
SVL,snout-vent length,from tip of snout to anterior margin of cloaca,Liu 2021 Cyrtodactylus Southern Yunnan
TaL,tail length,from posterior margin of cloaca to tip of tail,Liu 2021 Cyrtodactylus Southern Yunnan
HH,maximum head height,from occiput to underside of jaws,Liu 2021 Cyrtodactylus Southern Yunnan
HL,head length,from tip of snout to posterior margin of ear,Liu 2021 Cyrtodactylus Southern Yunnan
HW,maximum head width,,Liu 2021 Cyrtodactylus Southern Yunnan
OD,greatest diameter of orbit,,Liu 2021 Cyrtodactylus Southern Yunnan
SE,snout to eye distance,from tip of snout to anterior corner of eye orbit,Liu 2021 Cyrtodactylus Southern Yunnan
EE,eye orbit to ear distance,from posterior corner of eye orbit to anterior margin of ear opening,Liu 2021 Cyrtodactylus Southern Yunnan
IND,internarial distance,measured between inner borders of nostrils,Liu 2021 Cyrtodactylus Southern Yunnan
IOD,interorbital distance,measured across narrowest point of frontal bone,Liu 2021 Cyrtodactylus Southern Yunnan
ED,ear diameter,greatest diameter of ear,Liu 2021 Cyrtodactylus Southern Yunnan
AG,axilla to groin distance,,Liu 2021 Cyrtodactylus Southern Yunnan
ForeaL,forearm length,from the base of the palm to the elbow,Liu 2021 Cyrtodactylus Southern Yunnan
SL,shank length,from the base of heel to the knee,Liu 2021 Cyrtodactylus Southern Yunnan
RW,rostral widt,,Liu 2021 Cyrtodactylus Southern Yunnan
RH,rostral height,,Liu 2021 Cyrtodactylus Southern Yunnan
MW,mental width,,Liu 2021 Cyrtodactylus Southern Yunnan
ML,mental length,,Liu 2021 Cyrtodactylus Southern Yunnan
SPL,supralabials,,Liu 2021 Cyrtodactylus Southern Yunnan
IFL,infralabials,,Liu 2021 Cyrtodactylus Southern Yunnan
I,internasals or postrostrals,,Liu 2021 Cyrtodactylus Southern Yunnan
PM,postmentals,"scales bordering mental shield, except infralabials",Liu 2021 Cyrtodactylus Southern Yunnan
GSDT,granular scales surrounding dorsal midbody tubercles,,Liu 2021 Cyrtodactylus Southern Yunnan
DTR,dorsal tubercle rows,"number of dorsal, longitudinal rows of tubercles at midbody between the ventrolateral folds",Liu 2021 Cyrtodactylus Southern Yunnan
PVT,paravertebral tubercles,counted in a single paravertebral row from the level of the forelimb insertions to the level of the hind limb insertion,Liu 2021 Cyrtodactylus Southern Yunnan
V,longitudinal ventral scale rows,counted across the belly between the ventrolateral folds at midbody,Liu 2021 Cyrtodactylus Southern Yunnan
EFS,enlarged femoral scales,number of enlarged femoral scale beneath each thigh,Liu 2021 Cyrtodactylus Southern Yunnan
PP,precloacal pores,,Liu 2021 Cyrtodactylus Southern Yunnan
FP,femoral pores,,Liu 2021 Cyrtodactylus Southern Yunnan
PAT,postcloacal tubercles,number of tubercles on each side of postcloacal region,Liu 2021 Cyrtodactylus Southern Yunnan
Atem,number of anterior temporals,,Liu 2021 Gonyosoma
DSR,dorsal scale rows,,Liu 2021 Gonyosoma
IL,infralabials,counted on lower lips,Liu 2021 Gonyosoma
Lor,loreals,,Liu 2021 Gonyosoma
PostOc,postoculars,,Liu 2021 Gonyosoma
Prec,precloacal plate,,Liu 2021 Gonyosoma
PreOc,preoculars,,Liu 2021 Gonyosoma
PTem,number of posterior temporals,,Liu 2021 Gonyosoma
SL,supralabials,,Liu 2021 Gonyosoma
SL /orbit,number of supralabials entering orbit,,Liu 2021 Gonyosoma
SubC,number of subcaudal scales,,Liu 2021 Gonyosoma
SVL,snout-vent length,from tip of snout to vent,Liu 2021 Gonyosoma
TaL,tail length,,Liu 2021 Gonyosoma
TL,total length,,Liu 2021 Gonyosoma
Ven,number of ventral scales,,Liu 2021 Gonyosoma
SVL,Snout vent length,,Khandekar 2021 Hemiphyllodactylus goaensis
TL,tail length,,Khandekar 2021 Hemiphyllodactylus goaensis
TW,tail width,,Khandekar 2021 Hemiphyllodactylus goaensis
TRL,trunk length,,Khandekar 2021 Hemiphyllodactylus goaensis
BH,body height,,Khandekar 2021 Hemiphyllodactylus goaensis
BW,body width,,Khandekar 2021 Hemiphyllodactylus goaensis
fL,forearm length,,Khandekar 2021 Hemiphyllodactylus goaensis
CL,crus length,,Khandekar 2021 Hemiphyllodactylus goaensis
HL,head length,,Khandekar 2021 Hemiphyllodactylus goaensis
HW,head width,,Khandekar 2021 Hemiphyllodactylus goaensis
HH,head height,,Khandekar 2021 Hemiphyllodactylus goaensis
ED,eye diameter,,Khandekar 2021 Hemiphyllodactylus goaensis
EN,naris to eye distance,,Khandekar 2021 Hemiphyllodactylus goaensis
SE,snout to eye distance,,Khandekar 2021 Hemiphyllodactylus goaensis
EE,ear to eye distance,,Khandekar 2021 Hemiphyllodactylus goaensis
EL,ear length,,Khandekar 2021 Hemiphyllodactylus goaensis
IN,internarial distance,,Khandekar 2021 Hemiphyllodactylus goaensis
IO,interorbital distance,,Khandekar 2021 Hemiphyllodactylus goaensis
INS,internasal scales,,Khandekar 2021 Hemiphyllodactylus goaensis
SL,supralabials,,Khandekar 2021 Hemiphyllodactylus goaensis
IL,infralabials,,Khandekar 2021 Hemiphyllodactylus goaensis
CS,chin scales,,Khandekar 2021 Hemiphyllodactylus goaensis
VS,ventral scales,,Khandekar 2021 Hemiphyllodactylus goaensis
fP,femoral pores,,Khandekar 2021 Hemiphyllodactylus goaensis
PP,precloacal pores,,Khandekar 2021 Hemiphyllodactylus goaensis
fP,femoral pores,,Khandekar 2021 Hemiphyllodactylus goaensis
LAM,lamellae,,Khandekar 2021 Hemiphyllodactylus goaensis
BLAM,basal lamellar formula,,Khandekar 2021 Hemiphyllodactylus goaensis
SVL,snout vent length,,Khandekar 2021 Hemidactylus tamhiniensis
AGL,axilla to groin length,,Khandekar 2021 Hemidactylus tamhiniensis
BW,body width,,Khandekar 2021 Hemidactylus tamhiniensis
BH,body height,,Khandekar 2021 Hemidactylus tamhiniensis
FL,forearm length,,Khandekar 2021 Hemidactylus tamhiniensis
CL,crus length,,Khandekar 2021 Hemidactylus tamhiniensis
TL,tail length,,Khandekar 2021 Hemidactylus tamhiniensis
TW,tail width,,Khandekar 2021 Hemidactylus tamhiniensis
HL,head length,,Khandekar 2021 Hemidactylus tamhiniensis
HW,head widt,,Khandekar 2021 Hemidactylus tamhiniensis
HD,head depth,,Khandekar 2021 Hemidactylus tamhiniensis
ED,eye diameter,,Khandekar 2021 Hemidactylus tamhiniensis
EN,eye to nare distance,,Khandekar 2021 Hemidactylus tamhiniensis
ES,eye to snout distance,,Khandekar 2021 Hemidactylus tamhiniensis
EE,eye to ear distance,,Khandekar 2021 Hemidactylus tamhiniensis
EL,ear length,,Khandekar 2021 Hemidactylus tamhiniensis
IN,internarial distance,,Khandekar 2021 Hemidactylus tamhiniensis
Io,interorbital distance,,Khandekar 2021 Hemidactylus tamhiniensis
SL,supralabials,,Khandekar 2021 Hemidactylus tamhiniensis
IL,infralabials,,Khandekar 2021 Hemidactylus tamhiniensis
DTR,dorsal tubercle rows,,Khandekar 2021 Hemidactylus tamhiniensis
PVT,paravertebral tubercles,,Khandekar 2021 Hemidactylus tamhiniensis
VS,ventral scales,,Khandekar 2021 Hemidactylus tamhiniensis
MVSR,mid-body ventral scale rows,,Khandekar 2021 Hemidactylus tamhiniensis
FP,femoral pores,,Khandekar 2021 Hemidactylus tamhiniensis
SBFP,poreless scales between femoral pores,,Khandekar 2021 Hemidactylus tamhiniensis
SVL,snout to vent length,measured from the tip of the snout to the vent,Lam 2021 Ahaetulla rufusoculara
TaL,tail length,measured from the vent to the tip of the tail,Lam 2021 Ahaetulla rufusoculara
TL,total length,sum of SVL and TaL,Lam 2021 Ahaetulla rufusoculara
HL,head length,measured from the tip of the snout to the posterior margin of the mandible,Lam 2021 Ahaetulla rufusoculara
HW,maximum head width,,Lam 2021 Ahaetulla rufusoculara
HH,head height,"vertical height between dorsal and ventral surfaces of head, measured at HW",Lam 2021 Ahaetulla rufusoculara
IO,interorbital distance,shortest distance between outer margins of supraoculars,Lam 2021 Ahaetulla rufusoculara
ED,eye diameter,horizontal diameter of eye,Lam 2021 Ahaetulla rufusoculara
SnL,snout length,distance between the tip of the snout and anterior edge of eye,Lam 2021 Ahaetulla rufusoculara
EN,eye to nostril,distance between anterior margin of eye and posterior margin of nostril,Lam 2021 Ahaetulla rufusoculara
VS,ventral scales,counted from the first ventral scale which is wider than long to the vent excluding cloacal plate,Lam 2021 Ahaetulla rufusoculara
ASR,anterior dorsal scale rows at neck,number of scale rows at one head length behind the head,Lam 2021 Ahaetulla rufusoculara
MSR,midbody dorsal scale rows,number of scale rows at VS/2,Lam 2021 Ahaetulla rufusoculara
PSR,posterior dorsal scale rows,number of scale rows at one head length prior to the vent,Lam 2021 Ahaetulla rufusoculara
SC,subcaudal scales,number of subcaudal scales excluding the terminal scute,Lam 2021 Ahaetulla rufusoculara
SL,supralabials,,Lam 2021 Ahaetulla rufusoculara
InL,infralabials,,Lam 2021 Ahaetulla rufusoculara
SL-Eye,number of SL entering orbit,,Lam 2021 Ahaetulla rufusoculara
PrSO,presubocular,,Lam 2021 Ahaetulla rufusoculara
PrO,preocular,,Lam 2021 Ahaetulla rufusoculara
PO,postocular,number of scales touching posterior side of the orbit,Lam 2021 Ahaetulla rufusoculara
ATP,anterior temporals,number of scales immediately behind postocular between SL and parietal,Lam 2021 Ahaetulla rufusoculara
PTP,posterior temporals,number of scales behind anterior temporals between posterior,Lam 2021 Ahaetulla rufusoculara
MT,maxillary teeth,,Lam 2021 Ahaetulla rufusoculara
LHSC,length that the hemipenes extend in terms of numbers of subcaudal scales,,Lam 2021 Ahaetulla rufusoculara
SVL,snout-vent length,,Le 2021 Pareas southern Vietnam
TaL,tail length,,Le 2021 Pareas southern Vietnam
TL,total length,,Le 2021 Pareas southern Vietnam
XXX,ventral scales,,Le 2021 Pareas southern Vietnam
XXX,subcaudal scales,,Le 2021 Pareas southern Vietnam
XXX,supralabials,,Le 2021 Pareas southern Vietnam
XXX,infralabials,,Le 2021 Pareas southern Vietnam
XXX,number of keeled dorsal scale rows at midbody,,Le 2021 Pareas southern Vietnam
XXX,anterior temporals,,Le 2021 Pareas southern Vietnam
XXX,posterior temporals,,Le 2021 Pareas southern Vietnam
XXX,postoculars,,Le 2021 Pareas southern Vietnam
SVL,snout to vent length,,Kamei 2021 Cyrtodactylus bapme
TRL,trunk length,,Kamei 2021 Cyrtodactylus bapme
BW,maximum body width,,Kamei 2021 Cyrtodactylus bapme
TL,tail length,,Kamei 2021 Cyrtodactylus bapme
TW,tail width, taken on the first tail segment,Kamei 2021 Cyrtodactylus bapme
TD,tail depth ,taken on the first tail segment,Kamei 2021 Cyrtodactylus bapme
HL,head length ,from the snout tip to the retroarticular process of the jaw,Kamei 2021 Cyrtodactylus bapme
HW,maximum head width,,Kamei 2021 Cyrtodactylus bapme
JW,jaw width ,taken ventrally at the retroarticular process of the jaw,Kamei 2021 Cyrtodactylus bapme
HD,maximum head depth,,Kamei 2021 Cyrtodactylus bapme
FL,forearm length,,Kamei 2021 Cyrtodactylus bapme
CL,crus length,,Kamei 2021 Cyrtodactylus bapme
OD,orbit diameter,,Kamei 2021 Cyrtodactylus bapme
NO,distance between the posterior edge of the nostril and the anterior orbital border,,Kamei 2021 Cyrtodactylus bapme
SO,distance between the snout tip and the anterior orbital border,,Kamei 2021 Cyrtodactylus bapme
OE,distance between the posterior orbital border and the anterior border of the ear,,Kamei 2021 Cyrtodactylus bapme
EL,maximum ear length/diameter,,Kamei 2021 Cyrtodactylus bapme
ES,anterior border of the ear to the snout tip,,Kamei 2021 Cyrtodactylus bapme
IN,internarial distance,,Kamei 2021 Cyrtodactylus bapme
IO,minimum interorbital distance ,between the left and right supraciliary rows,Kamei 2021 Cyrtodactylus bapme
FW,minimum frontal width,,Kamei 2021 Cyrtodactylus bapme
RL,maximum rostral length,,Kamei 2021 Cyrtodactylus bapme
RW,maximum rostral width,,Kamei 2021 Cyrtodactylus bapme
ML,maximum mental length,,Kamei 2021 Cyrtodactylus bapme
MW,maximum mental width,,Kamei 2021 Cyrtodactylus bapme
PMIL,maximum length of the inner postmental,,Kamei 2021 Cyrtodactylus bapme
PMIIL,maximum length of the outer postmental,,Kamei 2021 Cyrtodactylus bapme
FIVL,length of digit IV of the manus ,from the proximal apex with digit III to the tip (excluding the claw),Kamei 2021 Cyrtodactylus bapme
TIVL,length of digit IV of the pes,from the proximal apex with digit III to the tip (excluding the claw),Kamei 2021 Cyrtodactylus bapme
PcP,precloacal pores,a continuous series of pore-bearing scales on the precloacal region that does not extend onto the thighs,Kamei 2021 Cyrtodactylus bapme
PcFP,precloacofemoral pores, a continuous series of pore-bearing scales that extends from the precloacal region onto the thighs,Kamei 2021 Cyrtodactylus bapme
FP,femoral pores,a series of pore-bearing scales on the thighs that are separated from a PcP/PcFP series by a diastema of non-pore-bearing scales,Kamei 2021 Cyrtodactylus bapme
PCS,post cloacal spurs,,Kamei 2021 Cyrtodactylus bapme
MVSR,mid-ventral scale rows,counted between the ventrolateral folds,Kamei 2021 Cyrtodactylus bapme
PVT1,paravertebral tubercles, counted from the most anterior tubercle on the occiput to the mid-sacrum,Kamei 2021 Cyrtodactylus bapme
PVT2,paravertebral tubercles on the trunk only,counted between the level of the axilla and the level of the groin,Kamei 2021 Cyrtodactylus bapme
DTR,dorsal tubercle rows,counted transversely across the trunk at its widest point,Kamei 2021 Cyrtodactylus bapme
SL,total supralabials,,Kamei 2021 Cyrtodactylus bapme
IL,total infralabials,,Kamei 2021 Cyrtodactylus bapme
SVL,snout–vent,,Hamdan 2015 Chironius flavolineatus brazili
CL,caudal length,,Hamdan 2015 Chironius flavolineatus brazili
HL,head length,,Hamdan 2015 Chironius flavolineatus brazili
HW,head width,,Hamdan 2015 Chironius flavolineatus brazili
RD,rostro–orbital distance,,Hamdan 2015 Chironius flavolineatus brazili
RW,rostro–orbital width,,Hamdan 2015 Chironius flavolineatus brazili
MW,midbody width,,Hamdan 2015 Chironius flavolineatus brazili
MH,midbody height,,Hamdan 2015 Chironius flavolineatus brazili
PA,apical pits on anterior region of the body,,Hamdan 2015 Chironius flavolineatus brazili
PM,apical pits at midbody region of the body,,Hamdan 2015 Chironius flavolineatus brazili
PP,apical pits at posterior region of the body,,Hamdan 2015 Chironius flavolineatus brazili
PT,apical pits at tail region of the body,,Hamdan 2015 Chironius flavolineatus brazili
SVL,snout vent length,,Khandekar 2021 Cnemaspis uttaraghati
AGL,axilla to groin length,,Khandekar 2021 Cnemaspis uttaraghati
BW,body width,,Khandekar 2021 Cnemaspis uttaraghati
FL,forearm length,,Khandekar 2021 Cnemaspis uttaraghati
CL,crus length,,Khandekar 2021 Cnemaspis uttaraghati
TL,tail length,,Khandekar 2021 Cnemaspis uttaraghati
TW,tail width,,Khandekar 2021 Cnemaspis uttaraghati
HL,head length,,Khandekar 2021 Cnemaspis uttaraghati
HW,head width,,Khandekar 2021 Cnemaspis uttaraghati
HD,head depth,,Khandekar 2021 Cnemaspis uttaraghati
ED,eye diameter,,Khandekar 2021 Cnemaspis uttaraghati
EN,eye to nares distance,,Khandekar 2021 Cnemaspis uttaraghati
ES,eye to snout distance,,Khandekar 2021 Cnemaspis uttaraghati
EE,eye to ear distance,,Khandekar 2021 Cnemaspis uttaraghati
EL,ear length,,Khandekar 2021 Cnemaspis uttaraghati
IN,internarial distance,,Khandekar 2021 Cnemaspis uttaraghati
IO,interorbital distance,,Khandekar 2021 Cnemaspis uttaraghati
SL,number of supralabials,,Khandekar 2021 Cnemaspis uttaraghati
IL,infralabials,,Khandekar 2021 Cnemaspis uttaraghati
SL M,supralabials at midorbital position,,Khandekar 2021 Cnemaspis uttaraghati
IL M,infralabials at midorbital position,,Khandekar 2021 Cnemaspis uttaraghati
DTR,dorsal tubercle rows,including longitudinal rows of spine-like tubercle on lower flank ,Khandekar 2021 Cnemaspis uttaraghati
PVT,paravertebral tubercles,,Khandekar 2021 Cnemaspis uttaraghati
VS,ventral scales,,Khandekar 2021 Cnemaspis uttaraghati
MVSR,mid-body scale rows across the belly,,Khandekar 2021 Cnemaspis uttaraghati
PP,precloacal pores,,Khandekar 2021 Cnemaspis uttaraghati
FP,femoral pores,,Khandekar 2021 Cnemaspis uttaraghati
SB FP,poreless scales between femoral pores,,Khandekar 2021 Cnemaspis uttaraghati
SB PP&FP,poreless scales between precloacal and femoral pores,,Khandekar 2021 Cnemaspis uttaraghati
HL,head length,,Echevarri?üa 2021 Selvasaura
HW,head width,,Echevarri?üa 2021 Selvasaura
ShL,shank length,,Echevarri?üa 2021 Selvasaura
AGD,axilla-groin distance,,Echevarri?üa 2021 Selvasaura
SVL,snout-vent length,,Echevarri?üa 2021 Selvasaura
TL,Tail length,,Echevarri?üa 2021 Selvasaura
SVL,Snout-vent length,measured from the snout tip to the anterior edge of the cloaca,Chandramouli 2021 Nicobar Gekko
TAL,tail length,measured from the posterior edge of the cloaca to the tail tip,Chandramouli 2021 Nicobar Gekko
AG,trunk length,measured between the axilla and groin,Chandramouli 2021 Nicobar Gekko
HL,head length,measured from the snout tip to the angle of the jaw,Chandramouli 2021 Nicobar Gekko
HW,head width,measured at the widest point on the head,Chandramouli 2021 Nicobar Gekko
HD,head depth,"measured from the top of the head to the throat, at the level of the eyeball",Chandramouli 2021 Nicobar Gekko
ED,horizontal eye diameter,,Chandramouli 2021 Nicobar Gekko
EN,eye-nostril distanc,measured from the anterior margin of the eye to the posterior margin of the external nares,Chandramouli 2021 Nicobar Gekko
ES,snout length,measured from the anterior margin of the eye to the tip of the snout,Chandramouli 2021 Nicobar Gekko
ETY,distance from eye to tympanum,measured from posterior margin of the eye to the anterior edge of the tympanum,Chandramouli 2021 Nicobar Gekko
TYD,tympanum diameter,measured across the widest point of the tympanic opening,Chandramouli 2021 Nicobar Gekko
UAL,upper arm length,measured from the axilla to the elbow,Chandramouli 2021 Nicobar Gekko
LAL,lower arm length,measured from the elbow to the wrist,Chandramouli 2021 Nicobar Gekko
PAL,palm length,measured from the wrist to the tip of fnger III,Chandramouli 2021 Nicobar Gekko
FEL,thigh length,measured from the point of insertion of the hind limb on the trunk to the knee,Chandramouli 2021 Nicobar Gekko
TBL,tibia length,measured from the knee to heel,Chandramouli 2021 Nicobar Gekko
FOL,foot length,,Chandramouli 2021 Nicobar Gekko
SVL,snout vent length,,Agarwal 2021 Cnemaspis krishnagiriensis
AGL,axilla to groin length,,Agarwal 2021 Cnemaspis krishnagiriensis
BW,body width,,Agarwal 2021 Cnemaspis krishnagiriensis
FL,forearm length,,Agarwal 2021 Cnemaspis krishnagiriensis
CL,crus length,,Agarwal 2021 Cnemaspis krishnagiriensis
TL,tail length,,Agarwal 2021 Cnemaspis krishnagiriensis
TW,tail width,,Agarwal 2021 Cnemaspis krishnagiriensis
HL,head length,,Agarwal 2021 Cnemaspis krishnagiriensis
HW,head width,,Agarwal 2021 Cnemaspis krishnagiriensis
HD,head depth,,Agarwal 2021 Cnemaspis krishnagiriensis
ED,eye diameter,,Agarwal 2021 Cnemaspis krishnagiriensis
EN,eye to nares distance,,Agarwal 2021 Cnemaspis krishnagiriensis
ES,eye to snout distance,,Agarwal 2021 Cnemaspis krishnagiriensis
EE,eye to ear distance,,Agarwal 2021 Cnemaspis krishnagiriensis
EL,ear length,,Agarwal 2021 Cnemaspis krishnagiriensis
IN,internarial distance,,Agarwal 2021 Cnemaspis krishnagiriensis
IO,interorbital distance,,Agarwal 2021 Cnemaspis krishnagiriensis
SL,supralabials,,Agarwal 2021 Cnemaspis krishnagiriensis
IL,infralabials,,Agarwal 2021 Cnemaspis krishnagiriensis
SL M,supralabials at midorbital position,,Agarwal 2021 Cnemaspis krishnagiriensis
IL M,infralabials at midorbital position,,Agarwal 2021 Cnemaspis krishnagiriensis
DTR,dorsal tubercle rows ,including longitudinal rows,Agarwal 2021 Cnemaspis krishnagiriensis
PVT,paravertebral tubercles,,Agarwal 2021 Cnemaspis krishnagiriensis
VS,ventral scales,,Agarwal 2021 Cnemaspis krishnagiriensis
MVSR,mid-body scale rows across the belly,,Agarwal 2021 Cnemaspis krishnagiriensis
PP,precloacal pores,,Agarwal 2021 Cnemaspis krishnagiriensis
SBPP,poreless scales between precloacal pores,,Agarwal 2021 Cnemaspis krishnagiriensis
FP ,femoral pores,,Agarwal 2021 Cnemaspis krishnagiriensis
SVL,snout-vent length,taken from the tip of the snout to the vent,Agung 2021 Hemiphyllodactylus
TailL,tail length,taken from the vent to the tip of the tail—original or regenerated,Agung 2021 Hemiphyllodactylus
TrunkL,trunk length,taken from the posterior margin of the forelimb at its insertion point on the body to the anterior margin of the hind limb at its insertion point on the body,Agung 2021 Hemiphyllodactylus
HL,head length,measured from the posterior margin of the retroarticular process of the lower jaw to the tip of the snout,Agung 2021 Hemiphyllodactylus
HW,head width,measured at the angle of the jaws,Agung 2021 Hemiphyllodactylus
ED,eye diameter,the greatest horizontal diameter of the eyeball,Agung 2021 Hemiphyllodactylus
SnEye,snout-eye length,measured from anterior-most margin of the eyeball to the tip of snout,Agung 2021 Hemiphyllodactylus
NarEye,nares-eye length,measured from the anterior margin of the eyeball to the posterior margin of the external nares,Agung 2021 Hemiphyllodactylus
SnW,snout width,measured between the external nares.,Agung 2021 Hemiphyllodactylus
CN,circumnasal scales,thenumber of scales contacting the nares,Agung 2021 Hemiphyllodactylus
IS,internasal scales,the number of scales between left and right nasals contacting the rostral scale,Agung 2021 Hemiphyllodactylus
SL,supralabial scales,,Agung 2021 Hemiphyllodactylus
IL,infralabial scales,,Agung 2021 Hemiphyllodactylus
VS,ventral scales,,Agung 2021 Hemiphyllodactylus
DS,dorsal scales,,Agung 2021 Hemiphyllodactylus
